[{"model": "admin.logentry", "pk": 1, "fields": {"action_time": "2024-04-09T06:00:57.215Z", "user": 1, "content_type": 8, "object_id": "1", "object_repr": "NAIJA_ADMIN", "action_flag": 1, "change_message": "[{\"added\": {}}]"}}, {"model": "admin.logentry", "pk": 2, "fields": {"action_time": "2024-04-09T06:01:30.167Z", "user": 1, "content_type": 7, "object_id": "1", "object_repr": "sdf", "action_flag": 1, "change_message": "[{\"added\": {}}]"}}, {"model": "admin.logentry", "pk": 3, "fields": {"action_time": "2024-04-09T06:01:43.373Z", "user": 1, "content_type": 8, "object_id": "1", "object_repr": "NAIJA_ADMIN", "action_flag": 2, "change_message": "[{\"changed\": {\"fields\": [\"State\"]}}]"}}, {"model": "admin.logentry", "pk": 4, "fields": {"action_time": "2024-04-09T06:01:56.093Z", "user": 1, "content_type": 7, "object_id": "1", "object_repr": "sdf", "action_flag": 3, "change_message": ""}}, {"model": "admin.logentry", "pk": 5, "fields": {"action_time": "2024-04-09T06:06:25.270Z", "user": 1, "content_type": 7, "object_id": "1", "object_repr": "sdf", "action_flag": 3, "change_message": ""}}, {"model": "admin.logentry", "pk": 6, "fields": {"action_time": "2024-04-09T06:15:24.071Z", "user": 1, "content_type": 8, "object_id": "1", "object_repr": "NAIJA_ADMIN", "action_flag": 2, "change_message": "[{\"changed\": {\"fields\": [\"Is vendor\"]}}]"}}, {"model": "admin.logentry", "pk": 7, "fields": {"action_time": "2024-04-09T06:18:38.277Z", "user": 1, "content_type": 4, "object_id": "1", "object_repr": "NAIJA_ADMIN", "action_flag": 2, "change_message": "[{\"changed\": {\"fields\": [\"Email address\"]}}]"}}, {"model": "admin.logentry", "pk": 8, "fields": {"action_time": "2024-04-09T06:56:59.815Z", "user": 1, "content_type": 8, "object_id": "1", "object_repr": "NAIJA_ADMIN", "action_flag": 2, "change_message": "[{\"changed\": {\"fields\": [\"State\", \"Is vendor\"]}}]"}}, {"model": "admin.logentry", "pk": 9, "fields": {"action_time": "2024-04-09T07:00:09.652Z", "user": 1, "content_type": 8, "object_id": "1", "object_repr": "NAIJA_ADMIN", "action_flag": 2, "change_message": "[{\"changed\": {\"fields\": [\"Is vendor\"]}}]"}}, {"model": "admin.logentry", "pk": 10, "fields": {"action_time": "2024-04-09T07:00:56.075Z", "user": 1, "content_type": 8, "object_id": "1", "object_repr": "NAIJA_ADMIN", "action_flag": 2, "change_message": "[{\"changed\": {\"fields\": [\"Is vendor\"]}}]"}}, {"model": "admin.logentry", "pk": 11, "fields": {"action_time": "2024-04-11T06:57:30.817Z", "user": 1, "content_type": 9, "object_id": "1", "object_repr": "Luxury Car Market", "action_flag": 2, "change_message": "[{\"changed\": {\"fields\": [\"Title\", \"Slug\"]}}]"}}, {"model": "admin.logentry", "pk": 12, "fields": {"action_time": "2024-04-11T06:57:43.005Z", "user": 1, "content_type": 9, "object_id": "1", "object_repr": "Luxury Car Market", "action_flag": 2, "change_message": "[{\"changed\": {\"fields\": [\"Title [pt]\"]}}]"}}, {"model": "admin.logentry", "pk": 13, "fields": {"action_time": "2024-04-11T06:58:42.838Z", "user": 1, "content_type": 9, "object_id": "2", "object_repr": "Category object (2)", "action_flag": 2, "change_message": "[{\"changed\": {\"fields\": [\"Title\", \"Title [pt]\", \"Slug\"]}}]"}}, {"model": "admin.logentry", "pk": 14, "fields": {"action_time": "2024-04-11T06:59:32.706Z", "user": 1, "content_type": 9, "object_id": "3", "object_repr": "Category object (3)", "action_flag": 2, "change_message": "[{\"changed\": {\"fields\": [\"Title\", \"Title [pt]\", \"Slug\"]}}]"}}, {"model": "admin.logentry", "pk": 15, "fields": {"action_time": "2024-04-11T07:00:03.919Z", "user": 1, "content_type": 9, "object_id": "4", "object_repr": "Category object (4)", "action_flag": 2, "change_message": "[{\"changed\": {\"fields\": [\"Title\", \"Title [pt]\", \"Slug\"]}}]"}}, {"model": "admin.logentry", "pk": 16, "fields": {"action_time": "2024-04-11T07:00:42.467Z", "user": 1, "content_type": 9, "object_id": "5", "object_repr": "Category object (5)", "action_flag": 2, "change_message": "[{\"changed\": {\"fields\": [\"Title\", \"Title [pt]\", \"Slug\"]}}]"}}, {"model": "admin.logentry", "pk": 17, "fields": {"action_time": "2024-04-11T07:01:19.674Z", "user": 1, "content_type": 9, "object_id": "6", "object_repr": "Category object (6)", "action_flag": 2, "change_message": "[{\"changed\": {\"fields\": [\"Title\", \"Title [pt]\", \"Slug\"]}}]"}}, {"model": "admin.logentry", "pk": 18, "fields": {"action_time": "2024-04-11T07:01:56.806Z", "user": 1, "content_type": 9, "object_id": "7", "object_repr": "Category object (7)", "action_flag": 2, "change_message": "[{\"changed\": {\"fields\": [\"Title\", \"Title [pt]\", \"Slug\"]}}]"}}, {"model": "admin.logentry", "pk": 19, "fields": {"action_time": "2024-04-11T07:02:40.789Z", "user": 1, "content_type": 9, "object_id": "8", "object_repr": "Category object (8)", "action_flag": 2, "change_message": "[{\"changed\": {\"fields\": [\"Title\", \"Title [pt]\", \"Slug\"]}}]"}}, {"model": "admin.logentry", "pk": 20, "fields": {"action_time": "2024-04-11T07:03:05.160Z", "user": 1, "content_type": 9, "object_id": "9", "object_repr": "Category object (9)", "action_flag": 2, "change_message": "[{\"changed\": {\"fields\": [\"Title\", \"Title [pt]\", \"Slug\"]}}]"}}, {"model": "admin.logentry", "pk": 21, "fields": {"action_time": "2024-04-11T07:27:44.601Z", "user": 1, "content_type": 10, "object_id": "73", "object_repr": "Subcategory object (73)", "action_flag": 3, "change_message": ""}}, {"model": "admin.logentry", "pk": 22, "fields": {"action_time": "2024-04-11T07:27:44.610Z", "user": 1, "content_type": 10, "object_id": "72", "object_repr": "Subcategory object (72)", "action_flag": 3, "change_message": ""}}, {"model": "admin.logentry", "pk": 23, "fields": {"action_time": "2024-04-11T07:27:44.610Z", "user": 1, "content_type": 10, "object_id": "71", "object_repr": "Subcategory object (71)", "action_flag": 3, "change_message": ""}}, {"model": "admin.logentry", "pk": 24, "fields": {"action_time": "2024-04-11T07:27:44.610Z", "user": 1, "content_type": 10, "object_id": "70", "object_repr": "Subcategory object (70)", "action_flag": 3, "change_message": ""}}, {"model": "admin.logentry", "pk": 25, "fields": {"action_time": "2024-04-11T07:27:44.610Z", "user": 1, "content_type": 10, "object_id": "69", "object_repr": "Subcategory object (69)", "action_flag": 3, "change_message": ""}}, {"model": "admin.logentry", "pk": 26, "fields": {"action_time": "2024-04-11T07:27:44.618Z", "user": 1, "content_type": 10, "object_id": "174", "object_repr": "Subcategory object (174)", "action_flag": 3, "change_message": ""}}, {"model": "admin.logentry", "pk": 27, "fields": {"action_time": "2024-04-11T07:27:44.618Z", "user": 1, "content_type": 10, "object_id": "173", "object_repr": "Subcategory object (173)", "action_flag": 3, "change_message": ""}}, {"model": "admin.logentry", "pk": 28, "fields": {"action_time": "2024-04-11T07:27:44.618Z", "user": 1, "content_type": 10, "object_id": "172", "object_repr": "Subcategory object (172)", "action_flag": 3, "change_message": ""}}, {"model": "admin.logentry", "pk": 29, "fields": {"action_time": "2024-04-11T07:27:44.618Z", "user": 1, "content_type": 10, "object_id": "171", "object_repr": "Subcategory object (171)", "action_flag": 3, "change_message": ""}}, {"model": "admin.logentry", "pk": 30, "fields": {"action_time": "2024-04-11T07:27:44.618Z", "user": 1, "content_type": 10, "object_id": "170", "object_repr": "Subcategory object (170)", "action_flag": 3, "change_message": ""}}, {"model": "admin.logentry", "pk": 31, "fields": {"action_time": "2024-04-11T07:27:44.618Z", "user": 1, "content_type": 10, "object_id": "100", "object_repr": "Subcategory object (100)", "action_flag": 3, "change_message": ""}}, {"model": "admin.logentry", "pk": 32, "fields": {"action_time": "2024-04-11T07:27:44.626Z", "user": 1, "content_type": 10, "object_id": "99", "object_repr": "Subcategory object (99)", "action_flag": 3, "change_message": ""}}, {"model": "admin.logentry", "pk": 33, "fields": {"action_time": "2024-04-11T07:27:44.626Z", "user": 1, "content_type": 10, "object_id": "98", "object_repr": "Subcategory object (98)", "action_flag": 3, "change_message": ""}}, {"model": "admin.logentry", "pk": 34, "fields": {"action_time": "2024-04-11T07:27:44.626Z", "user": 1, "content_type": 10, "object_id": "97", "object_repr": "Subcategory object (97)", "action_flag": 3, "change_message": ""}}, {"model": "admin.logentry", "pk": 35, "fields": {"action_time": "2024-04-11T07:27:44.626Z", "user": 1, "content_type": 10, "object_id": "96", "object_repr": "Subcategory object (96)", "action_flag": 3, "change_message": ""}}, {"model": "admin.logentry", "pk": 36, "fields": {"action_time": "2024-04-11T07:27:44.626Z", "user": 1, "content_type": 10, "object_id": "95", "object_repr": "Subcategory object (95)", "action_flag": 3, "change_message": ""}}, {"model": "admin.logentry", "pk": 37, "fields": {"action_time": "2024-04-11T07:27:44.626Z", "user": 1, "content_type": 10, "object_id": "94", "object_repr": "Subcategory object (94)", "action_flag": 3, "change_message": ""}}, {"model": "admin.logentry", "pk": 38, "fields": {"action_time": "2024-04-11T07:27:44.626Z", "user": 1, "content_type": 10, "object_id": "93", "object_repr": "Subcategory object (93)", "action_flag": 3, "change_message": ""}}, {"model": "admin.logentry", "pk": 39, "fields": {"action_time": "2024-04-11T07:27:44.876Z", "user": 1, "content_type": 10, "object_id": "92", "object_repr": "Subcategory object (92)", "action_flag": 3, "change_message": ""}}, {"model": "admin.logentry", "pk": 40, "fields": {"action_time": "2024-04-11T07:27:44.878Z", "user": 1, "content_type": 10, "object_id": "201", "object_repr": "Subcategory object (201)", "action_flag": 3, "change_message": ""}}, {"model": "admin.logentry", "pk": 41, "fields": {"action_time": "2024-04-11T07:27:44.878Z", "user": 1, "content_type": 10, "object_id": "200", "object_repr": "Subcategory object (200)", "action_flag": 3, "change_message": ""}}, {"model": "admin.logentry", "pk": 42, "fields": {"action_time": "2024-04-11T07:27:44.886Z", "user": 1, "content_type": 10, "object_id": "199", "object_repr": "Subcategory object (199)", "action_flag": 3, "change_message": ""}}, {"model": "admin.logentry", "pk": 43, "fields": {"action_time": "2024-04-11T07:27:44.886Z", "user": 1, "content_type": 10, "object_id": "198", "object_repr": "Subcategory object (198)", "action_flag": 3, "change_message": ""}}, {"model": "admin.logentry", "pk": 44, "fields": {"action_time": "2024-04-11T07:27:44.893Z", "user": 1, "content_type": 10, "object_id": "197", "object_repr": "Subcategory object (197)", "action_flag": 3, "change_message": ""}}, {"model": "admin.logentry", "pk": 45, "fields": {"action_time": "2024-04-11T07:27:44.893Z", "user": 1, "content_type": 10, "object_id": "196", "object_repr": "Subcategory object (196)", "action_flag": 3, "change_message": ""}}, {"model": "admin.logentry", "pk": 46, "fields": {"action_time": "2024-04-11T07:27:44.893Z", "user": 1, "content_type": 10, "object_id": "195", "object_repr": "Subcategory object (195)", "action_flag": 3, "change_message": ""}}, {"model": "admin.logentry", "pk": 47, "fields": {"action_time": "2024-04-11T07:27:44.893Z", "user": 1, "content_type": 10, "object_id": "194", "object_repr": "Subcategory object (194)", "action_flag": 3, "change_message": ""}}, {"model": "admin.logentry", "pk": 48, "fields": {"action_time": "2024-04-11T07:27:44.910Z", "user": 1, "content_type": 10, "object_id": "193", "object_repr": "Subcategory object (193)", "action_flag": 3, "change_message": ""}}, {"model": "admin.logentry", "pk": 49, "fields": {"action_time": "2024-04-11T07:27:44.914Z", "user": 1, "content_type": 10, "object_id": "82", "object_repr": "Subcategory object (82)", "action_flag": 3, "change_message": ""}}, {"model": "admin.logentry", "pk": 50, "fields": {"action_time": "2024-04-11T07:27:44.914Z", "user": 1, "content_type": 10, "object_id": "81", "object_repr": "Subcategory object (81)", "action_flag": 3, "change_message": ""}}, {"model": "admin.logentry", "pk": 51, "fields": {"action_time": "2024-04-11T07:27:44.914Z", "user": 1, "content_type": 10, "object_id": "80", "object_repr": "Subcategory object (80)", "action_flag": 3, "change_message": ""}}, {"model": "admin.logentry", "pk": 52, "fields": {"action_time": "2024-04-11T07:27:44.914Z", "user": 1, "content_type": 10, "object_id": "79", "object_repr": "Subcategory object (79)", "action_flag": 3, "change_message": ""}}, {"model": "admin.logentry", "pk": 53, "fields": {"action_time": "2024-04-11T07:27:44.927Z", "user": 1, "content_type": 10, "object_id": "183", "object_repr": "Subcategory object (183)", "action_flag": 3, "change_message": ""}}, {"model": "admin.logentry", "pk": 54, "fields": {"action_time": "2024-04-11T07:27:44.927Z", "user": 1, "content_type": 10, "object_id": "182", "object_repr": "Subcategory object (182)", "action_flag": 3, "change_message": ""}}, {"model": "admin.logentry", "pk": 55, "fields": {"action_time": "2024-04-11T07:27:44.927Z", "user": 1, "content_type": 10, "object_id": "181", "object_repr": "Subcategory object (181)", "action_flag": 3, "change_message": ""}}, {"model": "admin.logentry", "pk": 56, "fields": {"action_time": "2024-04-11T07:27:44.935Z", "user": 1, "content_type": 10, "object_id": "180", "object_repr": "Subcategory object (180)", "action_flag": 3, "change_message": ""}}, {"model": "admin.logentry", "pk": 57, "fields": {"action_time": "2024-04-11T07:27:44.935Z", "user": 1, "content_type": 10, "object_id": "91", "object_repr": "Subcategory object (91)", "action_flag": 3, "change_message": ""}}, {"model": "admin.logentry", "pk": 58, "fields": {"action_time": "2024-04-11T07:27:44.935Z", "user": 1, "content_type": 10, "object_id": "90", "object_repr": "Subcategory object (90)", "action_flag": 3, "change_message": ""}}, {"model": "admin.logentry", "pk": 59, "fields": {"action_time": "2024-04-11T07:27:44.944Z", "user": 1, "content_type": 10, "object_id": "89", "object_repr": "Subcategory object (89)", "action_flag": 3, "change_message": ""}}, {"model": "admin.logentry", "pk": 60, "fields": {"action_time": "2024-04-11T07:27:44.944Z", "user": 1, "content_type": 10, "object_id": "88", "object_repr": "Subcategory object (88)", "action_flag": 3, "change_message": ""}}, {"model": "admin.logentry", "pk": 61, "fields": {"action_time": "2024-04-11T07:27:44.944Z", "user": 1, "content_type": 10, "object_id": "87", "object_repr": "Subcategory object (87)", "action_flag": 3, "change_message": ""}}, {"model": "admin.logentry", "pk": 62, "fields": {"action_time": "2024-04-11T07:27:44.944Z", "user": 1, "content_type": 10, "object_id": "86", "object_repr": "Subcategory object (86)", "action_flag": 3, "change_message": ""}}, {"model": "admin.logentry", "pk": 63, "fields": {"action_time": "2024-04-11T07:27:44.952Z", "user": 1, "content_type": 10, "object_id": "85", "object_repr": "Subcategory object (85)", "action_flag": 3, "change_message": ""}}, {"model": "admin.logentry", "pk": 64, "fields": {"action_time": "2024-04-11T07:27:44.952Z", "user": 1, "content_type": 10, "object_id": "84", "object_repr": "Subcategory object (84)", "action_flag": 3, "change_message": ""}}, {"model": "admin.logentry", "pk": 65, "fields": {"action_time": "2024-04-11T07:27:44.952Z", "user": 1, "content_type": 10, "object_id": "83", "object_repr": "Subcategory object (83)", "action_flag": 3, "change_message": ""}}, {"model": "admin.logentry", "pk": 66, "fields": {"action_time": "2024-04-11T07:27:44.960Z", "user": 1, "content_type": 10, "object_id": "42", "object_repr": "Subcategory object (42)", "action_flag": 3, "change_message": ""}}, {"model": "admin.logentry", "pk": 67, "fields": {"action_time": "2024-04-11T07:27:44.960Z", "user": 1, "content_type": 10, "object_id": "41", "object_repr": "Subcategory object (41)", "action_flag": 3, "change_message": ""}}, {"model": "admin.logentry", "pk": 68, "fields": {"action_time": "2024-04-11T07:27:44.960Z", "user": 1, "content_type": 10, "object_id": "40", "object_repr": "Subcategory object (40)", "action_flag": 3, "change_message": ""}}, {"model": "admin.logentry", "pk": 69, "fields": {"action_time": "2024-04-11T07:27:44.960Z", "user": 1, "content_type": 10, "object_id": "39", "object_repr": "Subcategory object (39)", "action_flag": 3, "change_message": ""}}, {"model": "admin.logentry", "pk": 70, "fields": {"action_time": "2024-04-11T07:27:44.960Z", "user": 1, "content_type": 10, "object_id": "38", "object_repr": "Subcategory object (38)", "action_flag": 3, "change_message": ""}}, {"model": "admin.logentry", "pk": 71, "fields": {"action_time": "2024-04-11T07:27:44.960Z", "user": 1, "content_type": 10, "object_id": "37", "object_repr": "Subcategory object (37)", "action_flag": 3, "change_message": ""}}, {"model": "admin.logentry", "pk": 72, "fields": {"action_time": "2024-04-11T07:27:44.975Z", "user": 1, "content_type": 10, "object_id": "36", "object_repr": "Subcategory object (36)", "action_flag": 3, "change_message": ""}}, {"model": "admin.logentry", "pk": 73, "fields": {"action_time": "2024-04-11T07:27:44.980Z", "user": 1, "content_type": 10, "object_id": "35", "object_repr": "Subcategory object (35)", "action_flag": 3, "change_message": ""}}, {"model": "admin.logentry", "pk": 74, "fields": {"action_time": "2024-04-11T07:27:44.980Z", "user": 1, "content_type": 10, "object_id": "34", "object_repr": "Subcategory object (34)", "action_flag": 3, "change_message": ""}}, {"model": "admin.logentry", "pk": 75, "fields": {"action_time": "2024-04-11T07:27:44.980Z", "user": 1, "content_type": 10, "object_id": "33", "object_repr": "Subcategory object (33)", "action_flag": 3, "change_message": ""}}, {"model": "admin.logentry", "pk": 76, "fields": {"action_time": "2024-04-11T07:27:44.980Z", "user": 1, "content_type": 10, "object_id": "32", "object_repr": "Subcategory object (32)", "action_flag": 3, "change_message": ""}}, {"model": "admin.logentry", "pk": 77, "fields": {"action_time": "2024-04-11T07:27:44.980Z", "user": 1, "content_type": 10, "object_id": "31", "object_repr": "Subcategory object (31)", "action_flag": 3, "change_message": ""}}, {"model": "admin.logentry", "pk": 78, "fields": {"action_time": "2024-04-11T07:27:44.993Z", "user": 1, "content_type": 10, "object_id": "30", "object_repr": "Subcategory object (30)", "action_flag": 3, "change_message": ""}}, {"model": "admin.logentry", "pk": 79, "fields": {"action_time": "2024-04-11T07:27:44.993Z", "user": 1, "content_type": 10, "object_id": "29", "object_repr": "Subcategory object (29)", "action_flag": 3, "change_message": ""}}, {"model": "admin.logentry", "pk": 80, "fields": {"action_time": "2024-04-11T07:27:44.993Z", "user": 1, "content_type": 10, "object_id": "28", "object_repr": "Subcategory object (28)", "action_flag": 3, "change_message": ""}}, {"model": "admin.logentry", "pk": 81, "fields": {"action_time": "2024-04-11T07:27:44.993Z", "user": 1, "content_type": 10, "object_id": "27", "object_repr": "Subcategory object (27)", "action_flag": 3, "change_message": ""}}, {"model": "admin.logentry", "pk": 82, "fields": {"action_time": "2024-04-11T07:27:44.993Z", "user": 1, "content_type": 10, "object_id": "26", "object_repr": "Subcategory object (26)", "action_flag": 3, "change_message": ""}}, {"model": "admin.logentry", "pk": 83, "fields": {"action_time": "2024-04-11T07:27:44.993Z", "user": 1, "content_type": 10, "object_id": "25", "object_repr": "Subcategory object (25)", "action_flag": 3, "change_message": ""}}, {"model": "admin.logentry", "pk": 84, "fields": {"action_time": "2024-04-11T07:27:45.001Z", "user": 1, "content_type": 10, "object_id": "24", "object_repr": "Subcategory object (24)", "action_flag": 3, "change_message": ""}}, {"model": "admin.logentry", "pk": 85, "fields": {"action_time": "2024-04-11T07:27:45.001Z", "user": 1, "content_type": 10, "object_id": "143", "object_repr": "Subcategory object (143)", "action_flag": 3, "change_message": ""}}, {"model": "admin.logentry", "pk": 86, "fields": {"action_time": "2024-04-11T07:27:45.001Z", "user": 1, "content_type": 10, "object_id": "142", "object_repr": "Subcategory object (142)", "action_flag": 3, "change_message": ""}}, {"model": "admin.logentry", "pk": 87, "fields": {"action_time": "2024-04-11T07:27:45.001Z", "user": 1, "content_type": 10, "object_id": "141", "object_repr": "Subcategory object (141)", "action_flag": 3, "change_message": ""}}, {"model": "admin.logentry", "pk": 88, "fields": {"action_time": "2024-04-11T07:27:45.001Z", "user": 1, "content_type": 10, "object_id": "140", "object_repr": "Subcategory object (140)", "action_flag": 3, "change_message": ""}}, {"model": "admin.logentry", "pk": 89, "fields": {"action_time": "2024-04-11T07:27:45.010Z", "user": 1, "content_type": 10, "object_id": "139", "object_repr": "Subcategory object (139)", "action_flag": 3, "change_message": ""}}, {"model": "admin.logentry", "pk": 90, "fields": {"action_time": "2024-04-11T07:27:45.010Z", "user": 1, "content_type": 10, "object_id": "138", "object_repr": "Subcategory object (138)", "action_flag": 3, "change_message": ""}}, {"model": "admin.logentry", "pk": 91, "fields": {"action_time": "2024-04-11T07:27:45.010Z", "user": 1, "content_type": 10, "object_id": "137", "object_repr": "Subcategory object (137)", "action_flag": 3, "change_message": ""}}, {"model": "admin.logentry", "pk": 92, "fields": {"action_time": "2024-04-11T07:27:45.010Z", "user": 1, "content_type": 10, "object_id": "136", "object_repr": "Subcategory object (136)", "action_flag": 3, "change_message": ""}}, {"model": "admin.logentry", "pk": 93, "fields": {"action_time": "2024-04-11T07:27:45.010Z", "user": 1, "content_type": 10, "object_id": "135", "object_repr": "Subcategory object (135)", "action_flag": 3, "change_message": ""}}, {"model": "admin.logentry", "pk": 94, "fields": {"action_time": "2024-04-11T07:27:45.016Z", "user": 1, "content_type": 10, "object_id": "134", "object_repr": "Subcategory object (134)", "action_flag": 3, "change_message": ""}}, {"model": "admin.logentry", "pk": 95, "fields": {"action_time": "2024-04-11T07:27:45.016Z", "user": 1, "content_type": 10, "object_id": "133", "object_repr": "Subcategory object (133)", "action_flag": 3, "change_message": ""}}, {"model": "admin.logentry", "pk": 96, "fields": {"action_time": "2024-04-11T07:27:45.016Z", "user": 1, "content_type": 10, "object_id": "132", "object_repr": "Subcategory object (132)", "action_flag": 3, "change_message": ""}}, {"model": "admin.logentry", "pk": 97, "fields": {"action_time": "2024-04-11T07:27:45.016Z", "user": 1, "content_type": 10, "object_id": "131", "object_repr": "Subcategory object (131)", "action_flag": 3, "change_message": ""}}, {"model": "admin.logentry", "pk": 98, "fields": {"action_time": "2024-04-11T07:27:45.016Z", "user": 1, "content_type": 10, "object_id": "130", "object_repr": "Subcategory object (130)", "action_flag": 3, "change_message": ""}}, {"model": "admin.logentry", "pk": 99, "fields": {"action_time": "2024-04-11T07:27:45.024Z", "user": 1, "content_type": 10, "object_id": "129", "object_repr": "Subcategory object (129)", "action_flag": 3, "change_message": ""}}, {"model": "admin.logentry", "pk": 100, "fields": {"action_time": "2024-04-11T07:27:45.026Z", "user": 1, "content_type": 10, "object_id": "128", "object_repr": "Subcategory object (128)", "action_flag": 3, "change_message": ""}}, {"model": "admin.logentry", "pk": 101, "fields": {"action_time": "2024-04-11T07:27:45.026Z", "user": 1, "content_type": 10, "object_id": "127", "object_repr": "Subcategory object (127)", "action_flag": 3, "change_message": ""}}, {"model": "admin.logentry", "pk": 102, "fields": {"action_time": "2024-04-11T07:27:45.026Z", "user": 1, "content_type": 10, "object_id": "126", "object_repr": "Subcategory object (126)", "action_flag": 3, "change_message": ""}}, {"model": "admin.logentry", "pk": 103, "fields": {"action_time": "2024-04-11T07:27:45.026Z", "user": 1, "content_type": 10, "object_id": "125", "object_repr": "Subcategory object (125)", "action_flag": 3, "change_message": ""}}, {"model": "admin.logentry", "pk": 104, "fields": {"action_time": "2024-04-11T07:27:45.026Z", "user": 1, "content_type": 10, "object_id": "192", "object_repr": "Subcategory object (192)", "action_flag": 3, "change_message": ""}}, {"model": "admin.logentry", "pk": 105, "fields": {"action_time": "2024-04-11T07:27:45.026Z", "user": 1, "content_type": 10, "object_id": "191", "object_repr": "Subcategory object (191)", "action_flag": 3, "change_message": ""}}, {"model": "admin.logentry", "pk": 106, "fields": {"action_time": "2024-04-11T07:27:45.026Z", "user": 1, "content_type": 10, "object_id": "190", "object_repr": "Subcategory object (190)", "action_flag": 3, "change_message": ""}}, {"model": "admin.logentry", "pk": 107, "fields": {"action_time": "2024-04-11T07:27:45.026Z", "user": 1, "content_type": 10, "object_id": "189", "object_repr": "Subcategory object (189)", "action_flag": 3, "change_message": ""}}, {"model": "admin.logentry", "pk": 108, "fields": {"action_time": "2024-04-11T07:27:45.026Z", "user": 1, "content_type": 10, "object_id": "188", "object_repr": "Subcategory object (188)", "action_flag": 3, "change_message": ""}}, {"model": "admin.logentry", "pk": 109, "fields": {"action_time": "2024-04-11T07:27:45.026Z", "user": 1, "content_type": 10, "object_id": "187", "object_repr": "Subcategory object (187)", "action_flag": 3, "change_message": ""}}, {"model": "admin.logentry", "pk": 110, "fields": {"action_time": "2024-04-11T07:27:45.042Z", "user": 1, "content_type": 10, "object_id": "186", "object_repr": "Subcategory object (186)", "action_flag": 3, "change_message": ""}}, {"model": "admin.logentry", "pk": 111, "fields": {"action_time": "2024-04-11T07:27:45.043Z", "user": 1, "content_type": 10, "object_id": "185", "object_repr": "Subcategory object (185)", "action_flag": 3, "change_message": ""}}, {"model": "admin.logentry", "pk": 112, "fields": {"action_time": "2024-04-11T07:27:45.045Z", "user": 1, "content_type": 10, "object_id": "184", "object_repr": "Subcategory object (184)", "action_flag": 3, "change_message": ""}}, {"model": "admin.logentry", "pk": 113, "fields": {"action_time": "2024-04-11T07:27:45.045Z", "user": 1, "content_type": 10, "object_id": "23", "object_repr": "Subcategory object (23)", "action_flag": 3, "change_message": ""}}, {"model": "admin.logentry", "pk": 114, "fields": {"action_time": "2024-04-11T07:27:45.045Z", "user": 1, "content_type": 10, "object_id": "22", "object_repr": "Subcategory object (22)", "action_flag": 3, "change_message": ""}}, {"model": "admin.logentry", "pk": 115, "fields": {"action_time": "2024-04-11T07:27:45.045Z", "user": 1, "content_type": 10, "object_id": "21", "object_repr": "Subcategory object (21)", "action_flag": 3, "change_message": ""}}, {"model": "admin.logentry", "pk": 116, "fields": {"action_time": "2024-04-11T07:27:45.045Z", "user": 1, "content_type": 10, "object_id": "20", "object_repr": "Subcategory object (20)", "action_flag": 3, "change_message": ""}}, {"model": "admin.logentry", "pk": 117, "fields": {"action_time": "2024-04-11T07:27:45.045Z", "user": 1, "content_type": 10, "object_id": "19", "object_repr": "Subcategory object (19)", "action_flag": 3, "change_message": ""}}, {"model": "admin.logentry", "pk": 118, "fields": {"action_time": "2024-04-11T07:27:45.045Z", "user": 1, "content_type": 10, "object_id": "18", "object_repr": "Subcategory object (18)", "action_flag": 3, "change_message": ""}}, {"model": "admin.logentry", "pk": 119, "fields": {"action_time": "2024-04-11T07:27:45.045Z", "user": 1, "content_type": 10, "object_id": "17", "object_repr": "Subcategory object (17)", "action_flag": 3, "change_message": ""}}, {"model": "admin.logentry", "pk": 120, "fields": {"action_time": "2024-04-11T07:27:45.045Z", "user": 1, "content_type": 10, "object_id": "16", "object_repr": "Subcategory object (16)", "action_flag": 3, "change_message": ""}}, {"model": "admin.logentry", "pk": 121, "fields": {"action_time": "2024-04-11T07:27:45.045Z", "user": 1, "content_type": 10, "object_id": "15", "object_repr": "Subcategory object (15)", "action_flag": 3, "change_message": ""}}, {"model": "admin.logentry", "pk": 122, "fields": {"action_time": "2024-04-11T07:27:45.060Z", "user": 1, "content_type": 10, "object_id": "14", "object_repr": "Subcategory object (14)", "action_flag": 3, "change_message": ""}}, {"model": "admin.logentry", "pk": 123, "fields": {"action_time": "2024-04-11T07:27:45.060Z", "user": 1, "content_type": 10, "object_id": "13", "object_repr": "Subcategory object (13)", "action_flag": 3, "change_message": ""}}, {"model": "admin.logentry", "pk": 124, "fields": {"action_time": "2024-04-11T07:27:45.060Z", "user": 1, "content_type": 10, "object_id": "12", "object_repr": "Subcategory object (12)", "action_flag": 3, "change_message": ""}}, {"model": "admin.logentry", "pk": 125, "fields": {"action_time": "2024-04-11T07:27:45.060Z", "user": 1, "content_type": 10, "object_id": "11", "object_repr": "Subcategory object (11)", "action_flag": 3, "change_message": ""}}, {"model": "admin.logentry", "pk": 126, "fields": {"action_time": "2024-04-11T07:27:45.060Z", "user": 1, "content_type": 10, "object_id": "10", "object_repr": "Subcategory object (10)", "action_flag": 3, "change_message": ""}}, {"model": "admin.logentry", "pk": 127, "fields": {"action_time": "2024-04-11T07:27:45.068Z", "user": 1, "content_type": 10, "object_id": "9", "object_repr": "Subcategory object (9)", "action_flag": 3, "change_message": ""}}, {"model": "admin.logentry", "pk": 128, "fields": {"action_time": "2024-04-11T07:27:45.068Z", "user": 1, "content_type": 10, "object_id": "8", "object_repr": "Subcategory object (8)", "action_flag": 3, "change_message": ""}}, {"model": "admin.logentry", "pk": 129, "fields": {"action_time": "2024-04-11T07:27:45.068Z", "user": 1, "content_type": 10, "object_id": "7", "object_repr": "Subcategory object (7)", "action_flag": 3, "change_message": ""}}, {"model": "admin.logentry", "pk": 130, "fields": {"action_time": "2024-04-11T07:27:45.068Z", "user": 1, "content_type": 10, "object_id": "6", "object_repr": "Subcategory object (6)", "action_flag": 3, "change_message": ""}}, {"model": "admin.logentry", "pk": 131, "fields": {"action_time": "2024-04-11T07:27:45.068Z", "user": 1, "content_type": 10, "object_id": "5", "object_repr": "Subcategory object (5)", "action_flag": 3, "change_message": ""}}, {"model": "admin.logentry", "pk": 132, "fields": {"action_time": "2024-04-11T07:27:45.076Z", "user": 1, "content_type": 10, "object_id": "4", "object_repr": "Subcategory object (4)", "action_flag": 3, "change_message": ""}}, {"model": "admin.logentry", "pk": 133, "fields": {"action_time": "2024-04-11T07:27:45.077Z", "user": 1, "content_type": 10, "object_id": "3", "object_repr": "Subcategory object (3)", "action_flag": 3, "change_message": ""}}, {"model": "admin.logentry", "pk": 134, "fields": {"action_time": "2024-04-11T07:27:45.077Z", "user": 1, "content_type": 10, "object_id": "2", "object_repr": "Subcategory object (2)", "action_flag": 3, "change_message": ""}}, {"model": "admin.logentry", "pk": 135, "fields": {"action_time": "2024-04-11T07:27:45.077Z", "user": 1, "content_type": 10, "object_id": "1", "object_repr": "Subcategory object (1)", "action_flag": 3, "change_message": ""}}, {"model": "admin.logentry", "pk": 136, "fields": {"action_time": "2024-04-11T07:27:45.077Z", "user": 1, "content_type": 10, "object_id": "124", "object_repr": "Subcategory object (124)", "action_flag": 3, "change_message": ""}}, {"model": "admin.logentry", "pk": 137, "fields": {"action_time": "2024-04-11T07:27:45.085Z", "user": 1, "content_type": 10, "object_id": "123", "object_repr": "Subcategory object (123)", "action_flag": 3, "change_message": ""}}, {"model": "admin.logentry", "pk": 138, "fields": {"action_time": "2024-04-11T07:27:45.085Z", "user": 1, "content_type": 10, "object_id": "122", "object_repr": "Subcategory object (122)", "action_flag": 3, "change_message": ""}}, {"model": "admin.logentry", "pk": 139, "fields": {"action_time": "2024-04-11T07:27:45.085Z", "user": 1, "content_type": 10, "object_id": "121", "object_repr": "Subcategory object (121)", "action_flag": 3, "change_message": ""}}, {"model": "admin.logentry", "pk": 140, "fields": {"action_time": "2024-04-11T07:27:45.085Z", "user": 1, "content_type": 10, "object_id": "120", "object_repr": "Subcategory object (120)", "action_flag": 3, "change_message": ""}}, {"model": "admin.logentry", "pk": 141, "fields": {"action_time": "2024-04-11T07:27:45.085Z", "user": 1, "content_type": 10, "object_id": "119", "object_repr": "Subcategory object (119)", "action_flag": 3, "change_message": ""}}, {"model": "admin.logentry", "pk": 142, "fields": {"action_time": "2024-04-11T07:27:45.085Z", "user": 1, "content_type": 10, "object_id": "118", "object_repr": "Subcategory object (118)", "action_flag": 3, "change_message": ""}}, {"model": "admin.logentry", "pk": 143, "fields": {"action_time": "2024-04-11T07:27:45.093Z", "user": 1, "content_type": 10, "object_id": "117", "object_repr": "Subcategory object (117)", "action_flag": 3, "change_message": ""}}, {"model": "admin.logentry", "pk": 144, "fields": {"action_time": "2024-04-11T07:27:45.093Z", "user": 1, "content_type": 10, "object_id": "116", "object_repr": "Subcategory object (116)", "action_flag": 3, "change_message": ""}}, {"model": "admin.logentry", "pk": 145, "fields": {"action_time": "2024-04-11T07:27:45.093Z", "user": 1, "content_type": 10, "object_id": "115", "object_repr": "Subcategory object (115)", "action_flag": 3, "change_message": ""}}, {"model": "admin.logentry", "pk": 146, "fields": {"action_time": "2024-04-11T07:27:45.093Z", "user": 1, "content_type": 10, "object_id": "114", "object_repr": "Subcategory object (114)", "action_flag": 3, "change_message": ""}}, {"model": "admin.logentry", "pk": 147, "fields": {"action_time": "2024-04-11T07:27:45.093Z", "user": 1, "content_type": 10, "object_id": "113", "object_repr": "Subcategory object (113)", "action_flag": 3, "change_message": ""}}, {"model": "admin.logentry", "pk": 148, "fields": {"action_time": "2024-04-11T07:27:45.093Z", "user": 1, "content_type": 10, "object_id": "112", "object_repr": "Subcategory object (112)", "action_flag": 3, "change_message": ""}}, {"model": "admin.logentry", "pk": 149, "fields": {"action_time": "2024-04-11T07:27:45.093Z", "user": 1, "content_type": 10, "object_id": "111", "object_repr": "Subcategory object (111)", "action_flag": 3, "change_message": ""}}, {"model": "admin.logentry", "pk": 150, "fields": {"action_time": "2024-04-11T07:27:45.093Z", "user": 1, "content_type": 10, "object_id": "110", "object_repr": "Subcategory object (110)", "action_flag": 3, "change_message": ""}}, {"model": "admin.logentry", "pk": 151, "fields": {"action_time": "2024-04-11T07:27:45.093Z", "user": 1, "content_type": 10, "object_id": "109", "object_repr": "Subcategory object (109)", "action_flag": 3, "change_message": ""}}, {"model": "admin.logentry", "pk": 152, "fields": {"action_time": "2024-04-11T07:27:45.110Z", "user": 1, "content_type": 10, "object_id": "108", "object_repr": "Subcategory object (108)", "action_flag": 3, "change_message": ""}}, {"model": "admin.logentry", "pk": 153, "fields": {"action_time": "2024-04-11T07:27:45.112Z", "user": 1, "content_type": 10, "object_id": "107", "object_repr": "Subcategory object (107)", "action_flag": 3, "change_message": ""}}, {"model": "admin.logentry", "pk": 154, "fields": {"action_time": "2024-04-11T07:27:45.112Z", "user": 1, "content_type": 10, "object_id": "106", "object_repr": "Subcategory object (106)", "action_flag": 3, "change_message": ""}}, {"model": "admin.logentry", "pk": 155, "fields": {"action_time": "2024-04-11T07:27:45.112Z", "user": 1, "content_type": 10, "object_id": "105", "object_repr": "Subcategory object (105)", "action_flag": 3, "change_message": ""}}, {"model": "admin.logentry", "pk": 156, "fields": {"action_time": "2024-04-11T07:27:45.112Z", "user": 1, "content_type": 10, "object_id": "104", "object_repr": "Subcategory object (104)", "action_flag": 3, "change_message": ""}}, {"model": "admin.logentry", "pk": 157, "fields": {"action_time": "2024-04-11T07:27:45.112Z", "user": 1, "content_type": 10, "object_id": "103", "object_repr": "Subcategory object (103)", "action_flag": 3, "change_message": ""}}, {"model": "admin.logentry", "pk": 158, "fields": {"action_time": "2024-04-11T07:27:45.112Z", "user": 1, "content_type": 10, "object_id": "102", "object_repr": "Subcategory object (102)", "action_flag": 3, "change_message": ""}}, {"model": "admin.logentry", "pk": 159, "fields": {"action_time": "2024-04-11T07:27:45.112Z", "user": 1, "content_type": 10, "object_id": "101", "object_repr": "Subcategory object (101)", "action_flag": 3, "change_message": ""}}, {"model": "admin.logentry", "pk": 160, "fields": {"action_time": "2024-04-11T07:27:45.112Z", "user": 1, "content_type": 10, "object_id": "78", "object_repr": "Subcategory object (78)", "action_flag": 3, "change_message": ""}}, {"model": "admin.logentry", "pk": 161, "fields": {"action_time": "2024-04-11T07:27:45.126Z", "user": 1, "content_type": 10, "object_id": "77", "object_repr": "Subcategory object (77)", "action_flag": 3, "change_message": ""}}, {"model": "admin.logentry", "pk": 162, "fields": {"action_time": "2024-04-11T07:27:45.126Z", "user": 1, "content_type": 10, "object_id": "76", "object_repr": "Subcategory object (76)", "action_flag": 3, "change_message": ""}}, {"model": "admin.logentry", "pk": 163, "fields": {"action_time": "2024-04-11T07:27:45.126Z", "user": 1, "content_type": 10, "object_id": "75", "object_repr": "Subcategory object (75)", "action_flag": 3, "change_message": ""}}, {"model": "admin.logentry", "pk": 164, "fields": {"action_time": "2024-04-11T07:27:45.126Z", "user": 1, "content_type": 10, "object_id": "74", "object_repr": "Subcategory object (74)", "action_flag": 3, "change_message": ""}}, {"model": "admin.logentry", "pk": 165, "fields": {"action_time": "2024-04-11T07:27:45.126Z", "user": 1, "content_type": 10, "object_id": "179", "object_repr": "Subcategory object (179)", "action_flag": 3, "change_message": ""}}, {"model": "admin.logentry", "pk": 166, "fields": {"action_time": "2024-04-11T07:27:45.134Z", "user": 1, "content_type": 10, "object_id": "178", "object_repr": "Subcategory object (178)", "action_flag": 3, "change_message": ""}}, {"model": "admin.logentry", "pk": 167, "fields": {"action_time": "2024-04-11T07:27:45.134Z", "user": 1, "content_type": 10, "object_id": "177", "object_repr": "Subcategory object (177)", "action_flag": 3, "change_message": ""}}, {"model": "admin.logentry", "pk": 168, "fields": {"action_time": "2024-04-11T07:27:45.134Z", "user": 1, "content_type": 10, "object_id": "176", "object_repr": "Subcategory object (176)", "action_flag": 3, "change_message": ""}}, {"model": "admin.logentry", "pk": 169, "fields": {"action_time": "2024-04-11T07:27:45.134Z", "user": 1, "content_type": 10, "object_id": "175", "object_repr": "Subcategory object (175)", "action_flag": 3, "change_message": ""}}, {"model": "admin.logentry", "pk": 170, "fields": {"action_time": "2024-04-11T07:27:45.134Z", "user": 1, "content_type": 10, "object_id": "62", "object_repr": "Subcategory object (62)", "action_flag": 3, "change_message": ""}}, {"model": "admin.logentry", "pk": 171, "fields": {"action_time": "2024-04-11T07:27:45.134Z", "user": 1, "content_type": 10, "object_id": "61", "object_repr": "Subcategory object (61)", "action_flag": 3, "change_message": ""}}, {"model": "admin.logentry", "pk": 172, "fields": {"action_time": "2024-04-11T07:27:45.134Z", "user": 1, "content_type": 10, "object_id": "60", "object_repr": "Subcategory object (60)", "action_flag": 3, "change_message": ""}}, {"model": "admin.logentry", "pk": 173, "fields": {"action_time": "2024-04-11T07:27:45.144Z", "user": 1, "content_type": 10, "object_id": "59", "object_repr": "Subcategory object (59)", "action_flag": 3, "change_message": ""}}, {"model": "admin.logentry", "pk": 174, "fields": {"action_time": "2024-04-11T07:27:45.144Z", "user": 1, "content_type": 10, "object_id": "58", "object_repr": "Subcategory object (58)", "action_flag": 3, "change_message": ""}}, {"model": "admin.logentry", "pk": 175, "fields": {"action_time": "2024-04-11T07:27:45.144Z", "user": 1, "content_type": 10, "object_id": "57", "object_repr": "Subcategory object (57)", "action_flag": 3, "change_message": ""}}, {"model": "admin.logentry", "pk": 176, "fields": {"action_time": "2024-04-11T07:27:45.144Z", "user": 1, "content_type": 10, "object_id": "56", "object_repr": "Subcategory object (56)", "action_flag": 3, "change_message": ""}}, {"model": "admin.logentry", "pk": 177, "fields": {"action_time": "2024-04-11T07:27:45.144Z", "user": 1, "content_type": 10, "object_id": "55", "object_repr": "Subcategory object (55)", "action_flag": 3, "change_message": ""}}, {"model": "admin.logentry", "pk": 178, "fields": {"action_time": "2024-04-11T07:27:45.144Z", "user": 1, "content_type": 10, "object_id": "54", "object_repr": "Subcategory object (54)", "action_flag": 3, "change_message": ""}}, {"model": "admin.logentry", "pk": 179, "fields": {"action_time": "2024-04-11T07:27:45.360Z", "user": 1, "content_type": 10, "object_id": "53", "object_repr": "Subcategory object (53)", "action_flag": 3, "change_message": ""}}, {"model": "admin.logentry", "pk": 180, "fields": {"action_time": "2024-04-11T07:27:45.377Z", "user": 1, "content_type": 10, "object_id": "52", "object_repr": "Subcategory object (52)", "action_flag": 3, "change_message": ""}}, {"model": "admin.logentry", "pk": 181, "fields": {"action_time": "2024-04-11T07:27:45.381Z", "user": 1, "content_type": 10, "object_id": "51", "object_repr": "Subcategory object (51)", "action_flag": 3, "change_message": ""}}, {"model": "admin.logentry", "pk": 182, "fields": {"action_time": "2024-04-11T07:27:45.381Z", "user": 1, "content_type": 10, "object_id": "50", "object_repr": "Subcategory object (50)", "action_flag": 3, "change_message": ""}}, {"model": "admin.logentry", "pk": 183, "fields": {"action_time": "2024-04-11T07:27:45.381Z", "user": 1, "content_type": 10, "object_id": "49", "object_repr": "Subcategory object (49)", "action_flag": 3, "change_message": ""}}, {"model": "admin.logentry", "pk": 184, "fields": {"action_time": "2024-04-11T07:27:45.381Z", "user": 1, "content_type": 10, "object_id": "48", "object_repr": "Subcategory object (48)", "action_flag": 3, "change_message": ""}}, {"model": "admin.logentry", "pk": 185, "fields": {"action_time": "2024-04-11T07:27:45.395Z", "user": 1, "content_type": 10, "object_id": "47", "object_repr": "Subcategory object (47)", "action_flag": 3, "change_message": ""}}, {"model": "admin.logentry", "pk": 186, "fields": {"action_time": "2024-04-11T07:27:45.403Z", "user": 1, "content_type": 10, "object_id": "46", "object_repr": "Subcategory object (46)", "action_flag": 3, "change_message": ""}}, {"model": "admin.logentry", "pk": 187, "fields": {"action_time": "2024-04-11T07:27:45.403Z", "user": 1, "content_type": 10, "object_id": "45", "object_repr": "Subcategory object (45)", "action_flag": 3, "change_message": ""}}, {"model": "admin.logentry", "pk": 188, "fields": {"action_time": "2024-04-11T07:27:45.403Z", "user": 1, "content_type": 10, "object_id": "44", "object_repr": "Subcategory object (44)", "action_flag": 3, "change_message": ""}}, {"model": "admin.logentry", "pk": 189, "fields": {"action_time": "2024-04-11T07:27:45.411Z", "user": 1, "content_type": 10, "object_id": "43", "object_repr": "Subcategory object (43)", "action_flag": 3, "change_message": ""}}, {"model": "admin.logentry", "pk": 190, "fields": {"action_time": "2024-04-11T07:27:45.411Z", "user": 1, "content_type": 10, "object_id": "163", "object_repr": "Subcategory object (163)", "action_flag": 3, "change_message": ""}}, {"model": "admin.logentry", "pk": 191, "fields": {"action_time": "2024-04-11T07:27:45.419Z", "user": 1, "content_type": 10, "object_id": "162", "object_repr": "Subcategory object (162)", "action_flag": 3, "change_message": ""}}, {"model": "admin.logentry", "pk": 192, "fields": {"action_time": "2024-04-11T07:27:45.419Z", "user": 1, "content_type": 10, "object_id": "161", "object_repr": "Subcategory object (161)", "action_flag": 3, "change_message": ""}}, {"model": "admin.logentry", "pk": 193, "fields": {"action_time": "2024-04-11T07:27:45.426Z", "user": 1, "content_type": 10, "object_id": "160", "object_repr": "Subcategory object (160)", "action_flag": 3, "change_message": ""}}, {"model": "admin.logentry", "pk": 194, "fields": {"action_time": "2024-04-11T07:27:45.426Z", "user": 1, "content_type": 10, "object_id": "159", "object_repr": "Subcategory object (159)", "action_flag": 3, "change_message": ""}}, {"model": "admin.logentry", "pk": 195, "fields": {"action_time": "2024-04-11T07:27:45.426Z", "user": 1, "content_type": 10, "object_id": "158", "object_repr": "Subcategory object (158)", "action_flag": 3, "change_message": ""}}, {"model": "admin.logentry", "pk": 196, "fields": {"action_time": "2024-04-11T07:27:45.426Z", "user": 1, "content_type": 10, "object_id": "157", "object_repr": "Subcategory object (157)", "action_flag": 3, "change_message": ""}}, {"model": "admin.logentry", "pk": 197, "fields": {"action_time": "2024-04-11T07:27:45.426Z", "user": 1, "content_type": 10, "object_id": "156", "object_repr": "Subcategory object (156)", "action_flag": 3, "change_message": ""}}, {"model": "admin.logentry", "pk": 198, "fields": {"action_time": "2024-04-11T07:27:45.442Z", "user": 1, "content_type": 10, "object_id": "155", "object_repr": "Subcategory object (155)", "action_flag": 3, "change_message": ""}}, {"model": "admin.logentry", "pk": 199, "fields": {"action_time": "2024-04-11T07:27:45.448Z", "user": 1, "content_type": 10, "object_id": "154", "object_repr": "Subcategory object (154)", "action_flag": 3, "change_message": ""}}, {"model": "admin.logentry", "pk": 200, "fields": {"action_time": "2024-04-11T07:27:45.448Z", "user": 1, "content_type": 10, "object_id": "153", "object_repr": "Subcategory object (153)", "action_flag": 3, "change_message": ""}}, {"model": "admin.logentry", "pk": 201, "fields": {"action_time": "2024-04-11T07:27:45.448Z", "user": 1, "content_type": 10, "object_id": "152", "object_repr": "Subcategory object (152)", "action_flag": 3, "change_message": ""}}, {"model": "admin.logentry", "pk": 202, "fields": {"action_time": "2024-04-11T07:27:45.448Z", "user": 1, "content_type": 10, "object_id": "151", "object_repr": "Subcategory object (151)", "action_flag": 3, "change_message": ""}}, {"model": "admin.logentry", "pk": 203, "fields": {"action_time": "2024-04-11T07:27:45.460Z", "user": 1, "content_type": 10, "object_id": "150", "object_repr": "Subcategory object (150)", "action_flag": 3, "change_message": ""}}, {"model": "admin.logentry", "pk": 204, "fields": {"action_time": "2024-04-11T07:27:45.486Z", "user": 1, "content_type": 10, "object_id": "149", "object_repr": "Subcategory object (149)", "action_flag": 3, "change_message": ""}}, {"model": "admin.logentry", "pk": 205, "fields": {"action_time": "2024-04-11T07:27:45.493Z", "user": 1, "content_type": 10, "object_id": "148", "object_repr": "Subcategory object (148)", "action_flag": 3, "change_message": ""}}, {"model": "admin.logentry", "pk": 206, "fields": {"action_time": "2024-04-11T07:27:45.493Z", "user": 1, "content_type": 10, "object_id": "147", "object_repr": "Subcategory object (147)", "action_flag": 3, "change_message": ""}}, {"model": "admin.logentry", "pk": 207, "fields": {"action_time": "2024-04-11T07:27:45.493Z", "user": 1, "content_type": 10, "object_id": "146", "object_repr": "Subcategory object (146)", "action_flag": 3, "change_message": ""}}, {"model": "admin.logentry", "pk": 208, "fields": {"action_time": "2024-04-11T07:27:45.493Z", "user": 1, "content_type": 10, "object_id": "145", "object_repr": "Subcategory object (145)", "action_flag": 3, "change_message": ""}}, {"model": "admin.logentry", "pk": 209, "fields": {"action_time": "2024-04-11T07:27:45.493Z", "user": 1, "content_type": 10, "object_id": "144", "object_repr": "Subcategory object (144)", "action_flag": 3, "change_message": ""}}, {"model": "admin.logentry", "pk": 210, "fields": {"action_time": "2024-04-11T07:27:45.510Z", "user": 1, "content_type": 10, "object_id": "68", "object_repr": "Subcategory object (68)", "action_flag": 3, "change_message": ""}}, {"model": "admin.logentry", "pk": 211, "fields": {"action_time": "2024-04-11T07:27:45.514Z", "user": 1, "content_type": 10, "object_id": "67", "object_repr": "Subcategory object (67)", "action_flag": 3, "change_message": ""}}, {"model": "admin.logentry", "pk": 212, "fields": {"action_time": "2024-04-11T07:27:45.528Z", "user": 1, "content_type": 10, "object_id": "66", "object_repr": "Subcategory object (66)", "action_flag": 3, "change_message": ""}}, {"model": "admin.logentry", "pk": 213, "fields": {"action_time": "2024-04-11T07:27:45.528Z", "user": 1, "content_type": 10, "object_id": "65", "object_repr": "Subcategory object (65)", "action_flag": 3, "change_message": ""}}, {"model": "admin.logentry", "pk": 214, "fields": {"action_time": "2024-04-11T07:27:45.528Z", "user": 1, "content_type": 10, "object_id": "64", "object_repr": "Subcategory object (64)", "action_flag": 3, "change_message": ""}}, {"model": "admin.logentry", "pk": 215, "fields": {"action_time": "2024-04-11T07:27:45.536Z", "user": 1, "content_type": 10, "object_id": "63", "object_repr": "Subcategory object (63)", "action_flag": 3, "change_message": ""}}, {"model": "admin.logentry", "pk": 216, "fields": {"action_time": "2024-04-11T07:27:45.536Z", "user": 1, "content_type": 10, "object_id": "169", "object_repr": "Subcategory object (169)", "action_flag": 3, "change_message": ""}}, {"model": "admin.logentry", "pk": 217, "fields": {"action_time": "2024-04-11T07:27:45.536Z", "user": 1, "content_type": 10, "object_id": "168", "object_repr": "Subcategory object (168)", "action_flag": 3, "change_message": ""}}, {"model": "admin.logentry", "pk": 218, "fields": {"action_time": "2024-04-11T07:27:45.544Z", "user": 1, "content_type": 10, "object_id": "167", "object_repr": "Subcategory object (167)", "action_flag": 3, "change_message": ""}}, {"model": "admin.logentry", "pk": 219, "fields": {"action_time": "2024-04-11T07:27:45.544Z", "user": 1, "content_type": 10, "object_id": "166", "object_repr": "Subcategory object (166)", "action_flag": 3, "change_message": ""}}, {"model": "admin.logentry", "pk": 220, "fields": {"action_time": "2024-04-11T07:27:45.544Z", "user": 1, "content_type": 10, "object_id": "165", "object_repr": "Subcategory object (165)", "action_flag": 3, "change_message": ""}}, {"model": "admin.logentry", "pk": 221, "fields": {"action_time": "2024-04-11T07:27:45.552Z", "user": 1, "content_type": 10, "object_id": "164", "object_repr": "Subcategory object (164)", "action_flag": 3, "change_message": ""}}, {"model": "admin.logentry", "pk": 222, "fields": {"action_time": "2024-04-11T07:27:58.279Z", "user": 1, "content_type": 9, "object_id": "5", "object_repr": "3D Logo & Graphic Design Companies", "action_flag": 3, "change_message": ""}}, {"model": "admin.logentry", "pk": 223, "fields": {"action_time": "2024-04-11T07:27:58.279Z", "user": 1, "content_type": 9, "object_id": "14", "object_repr": "3D LOGO & GRAPHIC DESIGN COMPANIES", "action_flag": 3, "change_message": ""}}, {"model": "admin.logentry", "pk": 224, "fields": {"action_time": "2024-04-11T07:27:58.295Z", "user": 1, "content_type": 9, "object_id": "9", "object_repr": "Contact NaijaKet", "action_flag": 3, "change_message": ""}}, {"model": "admin.logentry", "pk": 225, "fields": {"action_time": "2024-04-11T07:27:58.295Z", "user": 1, "content_type": 9, "object_id": "18", "object_repr": "CONTACT NAIJAKET HERE", "action_flag": 3, "change_message": ""}}, {"model": "admin.logentry", "pk": 226, "fields": {"action_time": "2024-04-11T07:27:58.295Z", "user": 1, "content_type": 9, "object_id": "7", "object_repr": "Facebook Page Promotion & Internet Services", "action_flag": 3, "change_message": ""}}, {"model": "admin.logentry", "pk": 227, "fields": {"action_time": "2024-04-11T07:27:58.295Z", "user": 1, "content_type": 9, "object_id": "16", "object_repr": "FACEBOOK PAGE PROMOTION & INTERNET SERVICES", "action_flag": 3, "change_message": ""}}, {"model": "admin.logentry", "pk": 228, "fields": {"action_time": "2024-04-11T07:27:58.295Z", "user": 1, "content_type": 9, "object_id": "8", "object_repr": "Furniture, Electronics & Gadgets Market", "action_flag": 3, "change_message": ""}}, {"model": "admin.logentry", "pk": 229, "fields": {"action_time": "2024-04-11T07:27:58.303Z", "user": 1, "content_type": 9, "object_id": "2", "object_repr": "Lagos Car Market", "action_flag": 3, "change_message": ""}}, {"model": "admin.logentry", "pk": 230, "fields": {"action_time": "2024-04-11T07:27:58.303Z", "user": 1, "content_type": 9, "object_id": "11", "object_repr": "LAGOS CAR MARKET", "action_flag": 3, "change_message": ""}}, {"model": "admin.logentry", "pk": 231, "fields": {"action_time": "2024-04-11T07:27:58.303Z", "user": 1, "content_type": 9, "object_id": "17", "object_repr": "LAGOS FURNITURE, ELECTRONICS & GADGETS MARKET", "action_flag": 3, "change_message": ""}}, {"model": "admin.logentry", "pk": 232, "fields": {"action_time": "2024-04-11T07:27:58.303Z", "user": 1, "content_type": 9, "object_id": "1", "object_repr": "Luxury Car Market", "action_flag": 3, "change_message": ""}}, {"model": "admin.logentry", "pk": 233, "fields": {"action_time": "2024-04-11T07:27:58.303Z", "user": 1, "content_type": 9, "object_id": "10", "object_repr": "LUXURY CAR MARKET", "action_flag": 3, "change_message": ""}}, {"model": "admin.logentry", "pk": 234, "fields": {"action_time": "2024-04-11T07:27:58.303Z", "user": 1, "content_type": 9, "object_id": "6", "object_repr": "Trade Crypto & Gift Cards", "action_flag": 3, "change_message": ""}}, {"model": "admin.logentry", "pk": 235, "fields": {"action_time": "2024-04-11T07:27:58.303Z", "user": 1, "content_type": 9, "object_id": "15", "object_repr": "TRADE CRYPTO & GIFT CARDS HERE", "action_flag": 3, "change_message": ""}}, {"model": "admin.logentry", "pk": 236, "fields": {"action_time": "2024-04-11T07:27:58.303Z", "user": 1, "content_type": 9, "object_id": "3", "object_repr": "Truck, Buses & Machineries", "action_flag": 3, "change_message": ""}}, {"model": "admin.logentry", "pk": 237, "fields": {"action_time": "2024-04-11T07:27:58.311Z", "user": 1, "content_type": 9, "object_id": "12", "object_repr": "TRUCK, BUSES & MACHINERIES", "action_flag": 3, "change_message": ""}}, {"model": "admin.logentry", "pk": 238, "fields": {"action_time": "2024-04-11T07:27:58.311Z", "user": 1, "content_type": 9, "object_id": "4", "object_repr": "Website Development Companies", "action_flag": 3, "change_message": ""}}, {"model": "admin.logentry", "pk": 239, "fields": {"action_time": "2024-04-11T07:27:58.311Z", "user": 1, "content_type": 9, "object_id": "13", "object_repr": "WEBSITE DEVELOPMENT COMPANIES", "action_flag": 3, "change_message": ""}}, {"model": "admin.logentry", "pk": 240, "fields": {"action_time": "2024-04-11T07:30:52.939Z", "user": 1, "content_type": 9, "object_id": "23", "object_repr": "3D LOGO & GRAPHIC DESIGN COMPANIES", "action_flag": 2, "change_message": "[{\"changed\": {\"fields\": [\"Slug\"]}}]"}}, {"model": "admin.logentry", "pk": 241, "fields": {"action_time": "2024-04-11T07:31:07.540Z", "user": 1, "content_type": 9, "object_id": "25", "object_repr": "FACEBOOK PAGE PROMOTION & INTERNET SERVICES", "action_flag": 2, "change_message": "[{\"changed\": {\"fields\": [\"Slug\"]}}]"}}, {"model": "admin.logentry", "pk": 242, "fields": {"action_time": "2024-04-11T07:31:22.325Z", "user": 1, "content_type": 9, "object_id": "26", "object_repr": "LAGOS FURNITURE, ELECTRONICS & GADGETS MARKET", "action_flag": 2, "change_message": "[{\"changed\": {\"fields\": [\"Slug\"]}}]"}}, {"model": "admin.logentry", "pk": 243, "fields": {"action_time": "2024-04-11T07:31:28.994Z", "user": 1, "content_type": 9, "object_id": "24", "object_repr": "TRADE CRYPTO & GIFT CARDS HERE", "action_flag": 2, "change_message": "[{\"changed\": {\"fields\": [\"Slug\"]}}]"}}, {"model": "admin.logentry", "pk": 244, "fields": {"action_time": "2024-04-11T07:31:47.295Z", "user": 1, "content_type": 9, "object_id": "21", "object_repr": "TRUCK, BUSES & MACHINERIES", "action_flag": 2, "change_message": "[{\"changed\": {\"fields\": [\"Slug\"]}}]"}}, {"model": "admin.logentry", "pk": 245, "fields": {"action_time": "2024-04-11T07:34:58.756Z", "user": 1, "content_type": 10, "object_id": "293", "object_repr": "MICROWAVE & REFRIGERATOR STORES", "action_flag": 2, "change_message": "[{\"changed\": {\"fields\": [\"Slug\"]}}]"}}, {"model": "admin.logentry", "pk": 246, "fields": {"action_time": "2024-04-11T07:35:11.106Z", "user": 1, "content_type": 10, "object_id": "290", "object_repr": "PLAYSTATION & GADGETS STORES", "action_flag": 2, "change_message": "[{\"changed\": {\"fields\": [\"Slug\"]}}]"}}, {"model": "admin.logentry", "pk": 247, "fields": {"action_time": "2024-04-11T07:35:21.440Z", "user": 1, "content_type": 10, "object_id": "287", "object_repr": "DINNING CHAIR & TABLE STORES", "action_flag": 2, "change_message": "[{\"changed\": {\"fields\": [\"Slug\"]}}]"}}, {"model": "admin.logentry", "pk": 248, "fields": {"action_time": "2024-04-11T07:36:57.717Z", "user": 1, "content_type": 10, "object_id": "302", "object_repr": "I AM AN FACEBOOK/ONLINE MARKETER", "action_flag": 2, "change_message": "[{\"changed\": {\"fields\": [\"Slug\"]}}]"}}, {"model": "admin.logentry", "pk": 249, "fields": {"action_time": "2024-04-11T07:45:07.418Z", "user": 1, "content_type": 9, "object_id": "23", "object_repr": "3D Logo & Graphic Design Companies", "action_flag": 3, "change_message": ""}}, {"model": "admin.logentry", "pk": 250, "fields": {"action_time": "2024-04-11T07:45:07.424Z", "user": 1, "content_type": 9, "object_id": "27", "object_repr": "Contact Naijaket Here", "action_flag": 3, "change_message": ""}}, {"model": "admin.logentry", "pk": 251, "fields": {"action_time": "2024-04-11T07:45:07.424Z", "user": 1, "content_type": 9, "object_id": "25", "object_repr": "Facebook Page Promotion & Internet Services", "action_flag": 3, "change_message": ""}}, {"model": "admin.logentry", "pk": 252, "fields": {"action_time": "2024-04-11T07:45:07.424Z", "user": 1, "content_type": 9, "object_id": "20", "object_repr": "Lagos Car Market", "action_flag": 3, "change_message": ""}}, {"model": "admin.logentry", "pk": 253, "fields": {"action_time": "2024-04-11T07:45:07.424Z", "user": 1, "content_type": 9, "object_id": "26", "object_repr": "Lagos Furniture, Electronics & Gadgets Market", "action_flag": 3, "change_message": ""}}, {"model": "admin.logentry", "pk": 254, "fields": {"action_time": "2024-04-11T07:45:07.424Z", "user": 1, "content_type": 9, "object_id": "19", "object_repr": "Luxury Car Market", "action_flag": 3, "change_message": ""}}, {"model": "admin.logentry", "pk": 255, "fields": {"action_time": "2024-04-11T07:45:07.433Z", "user": 1, "content_type": 9, "object_id": "24", "object_repr": "Trade Crypto & Gift Cards Here", "action_flag": 3, "change_message": ""}}, {"model": "admin.logentry", "pk": 256, "fields": {"action_time": "2024-04-11T07:45:07.433Z", "user": 1, "content_type": 9, "object_id": "21", "object_repr": "Truck, Buses & Machineries", "action_flag": 3, "change_message": ""}}, {"model": "admin.logentry", "pk": 257, "fields": {"action_time": "2024-04-11T07:45:07.433Z", "user": 1, "content_type": 9, "object_id": "22", "object_repr": "Website Development Companies", "action_flag": 3, "change_message": ""}}, {"model": "admin.logentry", "pk": 258, "fields": {"action_time": "2024-04-11T07:49:09.708Z", "user": 1, "content_type": 9, "object_id": "32", "object_repr": "3D Logo & Graphic Design Companies", "action_flag": 2, "change_message": "[{\"changed\": {\"fields\": [\"Slug\"]}}]"}}, {"model": "admin.logentry", "pk": 259, "fields": {"action_time": "2024-04-11T07:49:24.475Z", "user": 1, "content_type": 9, "object_id": "33", "object_repr": "Trade Crypto & Gift Cards Here", "action_flag": 2, "change_message": "[{\"changed\": {\"fields\": [\"Slug\"]}}]"}}, {"model": "admin.logentry", "pk": 260, "fields": {"action_time": "2024-04-11T07:49:37.951Z", "user": 1, "content_type": 9, "object_id": "30", "object_repr": "Truck, Buses & Machineries", "action_flag": 2, "change_message": "[{\"changed\": {\"fields\": [\"Slug\"]}}]"}}, {"model": "admin.logentry", "pk": 261, "fields": {"action_time": "2024-04-11T07:49:58.005Z", "user": 1, "content_type": 9, "object_id": "34", "object_repr": "Facebook Page Promotion & Internet Services", "action_flag": 2, "change_message": "[{\"changed\": {\"fields\": [\"Slug\"]}}]"}}, {"model": "admin.logentry", "pk": 262, "fields": {"action_time": "2024-04-11T07:50:23.961Z", "user": 1, "content_type": 9, "object_id": "35", "object_repr": "Furniture, Electronics & Gadgets Market", "action_flag": 2, "change_message": "[{\"changed\": {\"fields\": [\"Title\", \"Slug\"]}}]"}}, {"model": "admin.logentry", "pk": 263, "fields": {"action_time": "2024-04-11T07:54:39.204Z", "user": 1, "content_type": 9, "object_id": "32", "object_repr": "3D Logo & Graphic Design Companies", "action_flag": 3, "change_message": ""}}, {"model": "admin.logentry", "pk": 264, "fields": {"action_time": "2024-04-11T07:54:39.205Z", "user": 1, "content_type": 9, "object_id": "36", "object_repr": "Contact Naijaket Here", "action_flag": 3, "change_message": ""}}, {"model": "admin.logentry", "pk": 265, "fields": {"action_time": "2024-04-11T07:54:39.205Z", "user": 1, "content_type": 9, "object_id": "34", "object_repr": "Facebook Page Promotion & Internet Services", "action_flag": 3, "change_message": ""}}, {"model": "admin.logentry", "pk": 266, "fields": {"action_time": "2024-04-11T07:54:39.205Z", "user": 1, "content_type": 9, "object_id": "35", "object_repr": "Furniture, Electronics & Gadgets Market", "action_flag": 3, "change_message": ""}}, {"model": "admin.logentry", "pk": 267, "fields": {"action_time": "2024-04-11T07:54:39.205Z", "user": 1, "content_type": 9, "object_id": "29", "object_repr": "Lagos Car Market", "action_flag": 3, "change_message": ""}}, {"model": "admin.logentry", "pk": 268, "fields": {"action_time": "2024-04-11T07:54:39.205Z", "user": 1, "content_type": 9, "object_id": "28", "object_repr": "Luxury Car Market", "action_flag": 3, "change_message": ""}}, {"model": "admin.logentry", "pk": 269, "fields": {"action_time": "2024-04-11T07:54:39.220Z", "user": 1, "content_type": 9, "object_id": "33", "object_repr": "Trade Crypto & Gift Cards Here", "action_flag": 3, "change_message": ""}}, {"model": "admin.logentry", "pk": 270, "fields": {"action_time": "2024-04-11T07:54:39.220Z", "user": 1, "content_type": 9, "object_id": "30", "object_repr": "Truck, Buses & Machineries", "action_flag": 3, "change_message": ""}}, {"model": "admin.logentry", "pk": 271, "fields": {"action_time": "2024-04-11T07:54:39.220Z", "user": 1, "content_type": 9, "object_id": "31", "object_repr": "Website Development Companies", "action_flag": 3, "change_message": ""}}, {"model": "admin.logentry", "pk": 272, "fields": {"action_time": "2024-04-11T07:55:22.004Z", "user": 1, "content_type": 9, "object_id": "41", "object_repr": "3D Logo & Graphic Design Companies", "action_flag": 2, "change_message": "[{\"changed\": {\"fields\": [\"Slug\"]}}]"}}, {"model": "admin.logentry", "pk": 273, "fields": {"action_time": "2024-04-11T07:55:43.421Z", "user": 1, "content_type": 10, "object_id": "504", "object_repr": "I Am An Facebook/Online Marketer", "action_flag": 2, "change_message": "[{\"changed\": {\"fields\": [\"Slug\"]}}]"}}, {"model": "admin.logentry", "pk": 274, "fields": {"action_time": "2024-04-11T07:56:14.914Z", "user": 1, "content_type": 9, "object_id": "41", "object_repr": "3D Logo & Graphic Design Companies", "action_flag": 2, "change_message": "[]"}}, {"model": "admin.logentry", "pk": 275, "fields": {"action_time": "2024-04-11T07:56:23.589Z", "user": 1, "content_type": 9, "object_id": "43", "object_repr": "Facebook Page Promotion & Internet Services", "action_flag": 2, "change_message": "[{\"changed\": {\"fields\": [\"Slug\"]}}]"}}, {"model": "admin.logentry", "pk": 276, "fields": {"action_time": "2024-04-11T07:56:37.989Z", "user": 1, "content_type": 9, "object_id": "44", "object_repr": "Lagos Furniture, Electronics & Gadgets Market", "action_flag": 2, "change_message": "[{\"changed\": {\"fields\": [\"Slug\"]}}]"}}, {"model": "admin.logentry", "pk": 277, "fields": {"action_time": "2024-04-11T07:56:45.547Z", "user": 1, "content_type": 9, "object_id": "44", "object_repr": "Lagos Furniture, Electronics & Gadgets Market", "action_flag": 2, "change_message": "[]"}}, {"model": "admin.logentry", "pk": 278, "fields": {"action_time": "2024-04-11T07:56:56.555Z", "user": 1, "content_type": 9, "object_id": "42", "object_repr": "Trade Crypto & Gift Cards Here", "action_flag": 2, "change_message": "[{\"changed\": {\"fields\": [\"Slug\"]}}]"}}, {"model": "admin.logentry", "pk": 279, "fields": {"action_time": "2024-04-11T07:57:08.306Z", "user": 1, "content_type": 9, "object_id": "39", "object_repr": "Truck, Buses & Machineries", "action_flag": 2, "change_message": "[{\"changed\": {\"fields\": [\"Slug\"]}}]"}}, {"model": "auth.permission", "pk": 1, "fields": {"name": "Can add log entry", "content_type": 1, "codename": "add_logentry"}}, {"model": "auth.permission", "pk": 2, "fields": {"name": "Can change log entry", "content_type": 1, "codename": "change_logentry"}}, {"model": "auth.permission", "pk": 3, "fields": {"name": "Can delete log entry", "content_type": 1, "codename": "delete_logentry"}}, {"model": "auth.permission", "pk": 4, "fields": {"name": "Can view log entry", "content_type": 1, "codename": "view_logentry"}}, {"model": "auth.permission", "pk": 5, "fields": {"name": "Can add permission", "content_type": 2, "codename": "add_permission"}}, {"model": "auth.permission", "pk": 6, "fields": {"name": "Can change permission", "content_type": 2, "codename": "change_permission"}}, {"model": "auth.permission", "pk": 7, "fields": {"name": "Can delete permission", "content_type": 2, "codename": "delete_permission"}}, {"model": "auth.permission", "pk": 8, "fields": {"name": "Can view permission", "content_type": 2, "codename": "view_permission"}}, {"model": "auth.permission", "pk": 9, "fields": {"name": "Can add group", "content_type": 3, "codename": "add_group"}}, {"model": "auth.permission", "pk": 10, "fields": {"name": "Can change group", "content_type": 3, "codename": "change_group"}}, {"model": "auth.permission", "pk": 11, "fields": {"name": "Can delete group", "content_type": 3, "codename": "delete_group"}}, {"model": "auth.permission", "pk": 12, "fields": {"name": "Can view group", "content_type": 3, "codename": "view_group"}}, {"model": "auth.permission", "pk": 13, "fields": {"name": "Can add user", "content_type": 4, "codename": "add_user"}}, {"model": "auth.permission", "pk": 14, "fields": {"name": "Can change user", "content_type": 4, "codename": "change_user"}}, {"model": "auth.permission", "pk": 15, "fields": {"name": "Can delete user", "content_type": 4, "codename": "delete_user"}}, {"model": "auth.permission", "pk": 16, "fields": {"name": "Can view user", "content_type": 4, "codename": "view_user"}}, {"model": "auth.permission", "pk": 17, "fields": {"name": "Can add content type", "content_type": 5, "codename": "add_contenttype"}}, {"model": "auth.permission", "pk": 18, "fields": {"name": "Can change content type", "content_type": 5, "codename": "change_contenttype"}}, {"model": "auth.permission", "pk": 19, "fields": {"name": "Can delete content type", "content_type": 5, "codename": "delete_contenttype"}}, {"model": "auth.permission", "pk": 20, "fields": {"name": "Can view content type", "content_type": 5, "codename": "view_contenttype"}}, {"model": "auth.permission", "pk": 21, "fields": {"name": "Can add session", "content_type": 6, "codename": "add_session"}}, {"model": "auth.permission", "pk": 22, "fields": {"name": "Can change session", "content_type": 6, "codename": "change_session"}}, {"model": "auth.permission", "pk": 23, "fields": {"name": "Can delete session", "content_type": 6, "codename": "delete_session"}}, {"model": "auth.permission", "pk": 24, "fields": {"name": "Can view session", "content_type": 6, "codename": "view_session"}}, {"model": "auth.permission", "pk": 25, "fields": {"name": "Can add state", "content_type": 7, "codename": "add_state"}}, {"model": "auth.permission", "pk": 26, "fields": {"name": "Can change state", "content_type": 7, "codename": "change_state"}}, {"model": "auth.permission", "pk": 27, "fields": {"name": "Can delete state", "content_type": 7, "codename": "delete_state"}}, {"model": "auth.permission", "pk": 28, "fields": {"name": "Can view state", "content_type": 7, "codename": "view_state"}}, {"model": "auth.permission", "pk": 29, "fields": {"name": "Can add userprofile", "content_type": 8, "codename": "add_userprofile"}}, {"model": "auth.permission", "pk": 30, "fields": {"name": "Can change userprofile", "content_type": 8, "codename": "change_userprofile"}}, {"model": "auth.permission", "pk": 31, "fields": {"name": "Can delete userprofile", "content_type": 8, "codename": "delete_userprofile"}}, {"model": "auth.permission", "pk": 32, "fields": {"name": "Can view userprofile", "content_type": 8, "codename": "view_userprofile"}}, {"model": "auth.permission", "pk": 33, "fields": {"name": "Can add category", "content_type": 9, "codename": "add_category"}}, {"model": "auth.permission", "pk": 34, "fields": {"name": "Can change category", "content_type": 9, "codename": "change_category"}}, {"model": "auth.permission", "pk": 35, "fields": {"name": "Can delete category", "content_type": 9, "codename": "delete_category"}}, {"model": "auth.permission", "pk": 36, "fields": {"name": "Can view category", "content_type": 9, "codename": "view_category"}}, {"model": "auth.permission", "pk": 37, "fields": {"name": "Can add subcategory", "content_type": 10, "codename": "add_subcategory"}}, {"model": "auth.permission", "pk": 38, "fields": {"name": "Can change subcategory", "content_type": 10, "codename": "change_subcategory"}}, {"model": "auth.permission", "pk": 39, "fields": {"name": "Can delete subcategory", "content_type": 10, "codename": "delete_subcategory"}}, {"model": "auth.permission", "pk": 40, "fields": {"name": "Can view subcategory", "content_type": 10, "codename": "view_subcategory"}}, {"model": "auth.permission", "pk": 41, "fields": {"name": "Can add product", "content_type": 11, "codename": "add_product"}}, {"model": "auth.permission", "pk": 42, "fields": {"name": "Can change product", "content_type": 11, "codename": "change_product"}}, {"model": "auth.permission", "pk": 43, "fields": {"name": "Can delete product", "content_type": 11, "codename": "delete_product"}}, {"model": "auth.permission", "pk": 44, "fields": {"name": "Can view product", "content_type": 11, "codename": "view_product"}}, {"model": "auth.user", "pk": 1, "fields": {"password": "pbkdf2_sha256$600000$Dmh9KDmrcs73xsqq9lDiO3$aPPvq4Bt9GxVh1XYPcdmqPc5E/SM6zU+2aICHqQegww=", "last_login": "2024-04-11T11:23:57.247Z", "is_superuser": true, "username": "NAIJA_ADMIN", "first_name": "", "last_name": "", "email": "nonsoosadebe202@gmail.com", "is_staff": true, "is_active": true, "date_joined": "2024-04-09T05:58:29Z", "groups": [], "user_permissions": []}}, {"model": "contenttypes.contenttype", "pk": 1, "fields": {"app_label": "admin", "model": "logentry"}}, {"model": "contenttypes.contenttype", "pk": 2, "fields": {"app_label": "auth", "model": "permission"}}, {"model": "contenttypes.contenttype", "pk": 3, "fields": {"app_label": "auth", "model": "group"}}, {"model": "contenttypes.contenttype", "pk": 4, "fields": {"app_label": "auth", "model": "user"}}, {"model": "contenttypes.contenttype", "pk": 5, "fields": {"app_label": "contenttypes", "model": "contenttype"}}, {"model": "contenttypes.contenttype", "pk": 6, "fields": {"app_label": "sessions", "model": "session"}}, {"model": "contenttypes.contenttype", "pk": 7, "fields": {"app_label": "userprofile", "model": "state"}}, {"model": "contenttypes.contenttype", "pk": 8, "fields": {"app_label": "userprofile", "model": "userprofile"}}, {"model": "contenttypes.contenttype", "pk": 9, "fields": {"app_label": "store", "model": "category"}}, {"model": "contenttypes.contenttype", "pk": 10, "fields": {"app_label": "store", "model": "subcategory"}}, {"model": "contenttypes.contenttype", "pk": 11, "fields": {"app_label": "store", "model": "product"}}, {"model": "sessions.session", "pk": "3fxyw78nhw3zh2l8hxu7wniergbrvym5", "fields": {"session_data": ".eJxVjDsOgzAQBe-ydWT5iwlles5grb1LIImMhE2FuHtAoqF9M_M2SLhU6Lb9AQHXOoa18BImgg4U3LaI6cv5BPTB_J5FmnNdpihORVy0iH4m_r0u93YwYhmPWjunpWFjuUGpPQ2yRdLskySODk1UyTVKNRblwWM0bvDMqP0T29Yywf4HInI7XA:1ruKQv:sQGy_kVVocUhY4kB-upoDFCr4Do7cKUW434HVfJntM8", "expire_date": "2024-04-10T22:59:17.340Z"}}, {"model": "sessions.session", "pk": "l4inzi19fa079fekjmz3au7zjdwn6tb1", "fields": {"session_data": ".eJxVjDsOgzAQBe-ydWT5iwlles5grb1LIImMhE2FuHtAoqF9M_M2SLhU6Lb9AQHXOoa18BImgg4U3LaI6cv5BPTB_J5FmnNdpihORVy0iH4m_r0u93YwYhmPWjunpWFjuUGpPQ2yRdLskySODk1UyTVKNRblwWM0bvDMqP0T29Yywf4HInI7XA:1ruuKx:1VtaeTg0ktW4HOWX06Z3PHRJ7L1m0sTPWPDU7ZjGyY8", "expire_date": "2024-04-12T13:19:31.925Z"}}, {"model": "userprofile.state", "pk": 2, "fields": {"state": "Abia"}}, {"model": "userprofile.state", "pk": 3, "fields": {"state": "Adamawa"}}, {"model": "userprofile.state", "pk": 4, "fields": {"state": "Akwa Ibom"}}, {"model": "userprofile.state", "pk": 5, "fields": {"state": "Anambra"}}, {"model": "userprofile.state", "pk": 6, "fields": {"state": "Bauchi"}}, {"model": "userprofile.state", "pk": 7, "fields": {"state": "Bayelsa"}}, {"model": "userprofile.state", "pk": 8, "fields": {"state": "Benue"}}, {"model": "userprofile.state", "pk": 9, "fields": {"state": "Borno"}}, {"model": "userprofile.state", "pk": 10, "fields": {"state": "Cross River"}}, {"model": "userprofile.state", "pk": 11, "fields": {"state": "Delta"}}, {"model": "userprofile.state", "pk": 12, "fields": {"state": "Ebonyi"}}, {"model": "userprofile.state", "pk": 13, "fields": {"state": "Edo"}}, {"model": "userprofile.state", "pk": 14, "fields": {"state": "Ekiti"}}, {"model": "userprofile.state", "pk": 15, "fields": {"state": "Enugu"}}, {"model": "userprofile.state", "pk": 16, "fields": {"state": "Gombe"}}, {"model": "userprofile.state", "pk": 17, "fields": {"state": "Imo"}}, {"model": "userprofile.state", "pk": 18, "fields": {"state": "Jigawa"}}, {"model": "userprofile.state", "pk": 19, "fields": {"state": "Kaduna"}}, {"model": "userprofile.state", "pk": 20, "fields": {"state": "Kano"}}, {"model": "userprofile.state", "pk": 21, "fields": {"state": "Katsina"}}, {"model": "userprofile.state", "pk": 22, "fields": {"state": "Kebbi"}}, {"model": "userprofile.state", "pk": 23, "fields": {"state": "Kogi"}}, {"model": "userprofile.state", "pk": 24, "fields": {"state": "Kwara"}}, {"model": "userprofile.state", "pk": 25, "fields": {"state": "Lagos"}}, {"model": "userprofile.state", "pk": 26, "fields": {"state": "Nasarawa"}}, {"model": "userprofile.state", "pk": 27, "fields": {"state": "Niger"}}, {"model": "userprofile.state", "pk": 28, "fields": {"state": "Ogun"}}, {"model": "userprofile.state", "pk": 29, "fields": {"state": "Ondo"}}, {"model": "userprofile.state", "pk": 30, "fields": {"state": "Osun"}}, {"model": "userprofile.state", "pk": 31, "fields": {"state": "Oyo"}}, {"model": "userprofile.state", "pk": 32, "fields": {"state": "Plateau"}}, {"model": "userprofile.state", "pk": 33, "fields": {"state": "Rivers"}}, {"model": "userprofile.state", "pk": 34, "fields": {"state": "Sokoto"}}, {"model": "userprofile.state", "pk": 35, "fields": {"state": "Taraba"}}, {"model": "userprofile.state", "pk": 36, "fields": {"state": "Yobe"}}, {"model": "userprofile.state", "pk": 37, "fields": {"state": "Zamfara"}}, {"model": "userprofile.state", "pk": 38, "fields": {"state": "FCT Abuja"}}, {"model": "userprofile.userprofile", "pk": 1, "fields": {"company_image": "uploads/profile_pic/java_logo_icon_168609.png", "user": 1, "company_whatsapp_number": "+2348118394999", "company_address": "no 9 old anwai road", "website": "www.netmark.com", "about": "my address", "state": 6, "lga": "Onishta", "is_vendor": true}}, {"model": "store.category", "pk": 37, "fields": {"title": "Luxury Car Market", "slug": "luxury_car_market"}}, {"model": "store.category", "pk": 38, "fields": {"title": "Lagos Car Market", "slug": "lagos_car_market"}}, {"model": "store.category", "pk": 39, "fields": {"title": "Truck, Buses & Machineries", "slug": "truck_buses_machineries"}}, {"model": "store.category", "pk": 40, "fields": {"title": "Website Development Companies", "slug": "website_development_companies"}}, {"model": "store.category", "pk": 41, "fields": {"title": "3D Logo & Graphic Design Companies", "slug": "3d_logo_graphic_design_companies"}}, {"model": "store.category", "pk": 42, "fields": {"title": "Trade Crypto & Gift Cards Here", "slug": "trade_crypto_gift_cards_here"}}, {"model": "store.category", "pk": 43, "fields": {"title": "Facebook Page Promotion & Internet Services", "slug": "facebook_page_promotion_internet_services"}}, {"model": "store.category", "pk": 44, "fields": {"title": "Lagos Furniture, Electronics & Gadgets Market", "slug": "lagos_furniture_electronics_gadgets_market"}}, {"model": "store.category", "pk": 45, "fields": {"title": "Contact Naijaket Here", "slug": "contact_naijaket_here"}}, {"model": "store.subcategory", "pk": 404, "fields": {"title": "Tesla Car Market", "slug": "tesla_car_market", "category": 37}}, {"model": "store.subcategory", "pk": 405, "fields": {"title": "Sport Cars", "slug": "sport_cars", "category": 37}}, {"model": "store.subcategory", "pk": 406, "fields": {"title": "Rolls Royce Cars", "slug": "rolls_royce_cars", "category": 37}}, {"model": "store.subcategory", "pk": 407, "fields": {"title": "Porche Cars", "slug": "porche_cars", "category": 37}}, {"model": "store.subcategory", "pk": 408, "fields": {"title": "Bentley Cars", "slug": "bentley_cars", "category": 37}}, {"model": "store.subcategory", "pk": 409, "fields": {"title": "Mercedes Cars", "slug": "mercedes_cars", "category": 37}}, {"model": "store.subcategory", "pk": 410, "fields": {"title": "Innoson Cars", "slug": "innoson_cars", "category": 37}}, {"model": "store.subcategory", "pk": 411, "fields": {"title": "Lamborghini Car", "slug": "lamborghini_car", "category": 37}}, {"model": "store.subcategory", "pk": 412, "fields": {"title": "Maybach Cars", "slug": "maybach_cars", "category": 37}}, {"model": "store.subcategory", "pk": 413, "fields": {"title": "Bmw Cars", "slug": "bmw_cars", "category": 37}}, {"model": "store.subcategory", "pk": 414, "fields": {"title": "Audi Cars", "slug": "audi_cars", "category": 37}}, {"model": "store.subcategory", "pk": 415, "fields": {"title": "Dodge Cars", "slug": "dodge_cars", "category": 37}}, {"model": "store.subcategory", "pk": 416, "fields": {"title": "Volvo", "slug": "volvo", "category": 37}}, {"model": "store.subcategory", "pk": 417, "fields": {"title": "Jaguar Cars", "slug": "jaguar_cars", "category": 37}}, {"model": "store.subcategory", "pk": 418, "fields": {"title": "Land Rover Cars", "slug": "land_rover_cars", "category": 37}}, {"model": "store.subcategory", "pk": 419, "fields": {"title": "Lexus Cars", "slug": "lexus_cars", "category": 37}}, {"model": "store.subcategory", "pk": 420, "fields": {"title": "Ferrari Cars", "slug": "ferrari_cars", "category": 37}}, {"model": "store.subcategory", "pk": 421, "fields": {"title": "Bentley Cars", "slug": "bentley_cars", "category": 37}}, {"model": "store.subcategory", "pk": 422, "fields": {"title": "Bugatti Cars", "slug": "bugatti_cars", "category": 37}}, {"model": "store.subcategory", "pk": 423, "fields": {"title": "Aston Martin", "slug": "aston_martin", "category": 37}}, {"model": "store.subcategory", "pk": 424, "fields": {"title": "Mclaren Cars", "slug": "mclaren_cars", "category": 37}}, {"model": "store.subcategory", "pk": 425, "fields": {"title": "Lincoln Cars", "slug": "lincoln_cars", "category": 37}}, {"model": "store.subcategory", "pk": 426, "fields": {"title": "Maserati Car", "slug": "maserati_car", "category": 37}}, {"model": "store.subcategory", "pk": 427, "fields": {"title": "Genesis Cars", "slug": "genesis_cars", "category": 37}}, {"model": "store.subcategory", "pk": 428, "fields": {"title": "Toyota Car Market", "slug": "toyota_car_market", "category": 38}}, {"model": "store.subcategory", "pk": 429, "fields": {"title": "Mercedes Car Market", "slug": "mercedes_car_market", "category": 38}}, {"model": "store.subcategory", "pk": 430, "fields": {"title": "Acura Car Market", "slug": "acura_car_market", "category": 38}}, {"model": "store.subcategory", "pk": 431, "fields": {"title": "Audi Car Market", "slug": "audi_car_market", "category": 38}}, {"model": "store.subcategory", "pk": 432, "fields": {"title": "Bmw Car Market", "slug": "bmw_car_market", "category": 38}}, {"model": "store.subcategory", "pk": 433, "fields": {"title": "Chevrolet Cars", "slug": "chevrolet_cars", "category": 38}}, {"model": "store.subcategory", "pk": 434, "fields": {"title": "Lexus Cars", "slug": "lexus_cars", "category": 38}}, {"model": "store.subcategory", "pk": 435, "fields": {"title": "Ford Motors", "slug": "ford_motors", "category": 38}}, {"model": "store.subcategory", "pk": 436, "fields": {"title": "G.M.C Cars", "slug": "g.m.c_cars", "category": 38}}, {"model": "store.subcategory", "pk": 437, "fields": {"title": "Honda Cars", "slug": "honda_cars", "category": 38}}, {"model": "store.subcategory", "pk": 438, "fields": {"title": "Hyundai Cars", "slug": "hyundai_cars", "category": 38}}, {"model": "store.subcategory", "pk": 439, "fields": {"title": "Infiniti Cars", "slug": "infiniti_cars", "category": 38}}, {"model": "store.subcategory", "pk": 440, "fields": {"title": "Innoson Motors", "slug": "innoson_motors", "category": 38}}, {"model": "store.subcategory", "pk": 441, "fields": {"title": "Kia Motors", "slug": "kia_motors", "category": 38}}, {"model": "store.subcategory", "pk": 442, "fields": {"title": "Mazda Cars", "slug": "mazda_cars", "category": 38}}, {"model": "store.subcategory", "pk": 443, "fields": {"title": "Nissan Cars", "slug": "nissan_cars", "category": 38}}, {"model": "store.subcategory", "pk": 444, "fields": {"title": "Renault Cars", "slug": "renault_cars", "category": 38}}, {"model": "store.subcategory", "pk": 445, "fields": {"title": "Suzuki Cars", "slug": "suzuki_cars", "category": 38}}, {"model": "store.subcategory", "pk": 446, "fields": {"title": "Volvo Cars", "slug": "volvo_cars", "category": 38}}, {"model": "store.subcategory", "pk": 447, "fields": {"title": "Dump Truck Market", "slug": "dump_truck_market", "category": 39}}, {"model": "store.subcategory", "pk": 448, "fields": {"title": "Lpg Tanks", "slug": "lpg_tanks", "category": 39}}, {"model": "store.subcategory", "pk": 449, "fields": {"title": "Concrete Mixer", "slug": "concrete_mixer", "category": 39}}, {"model": "store.subcategory", "pk": 450, "fields": {"title": "Forklift Market", "slug": "forklift_market", "category": 39}}, {"model": "store.subcategory", "pk": 451, "fields": {"title": "Pail Loader Market", "slug": "pail_loader_market", "category": 39}}, {"model": "store.subcategory", "pk": 452, "fields": {"title": "Bulldozer Market", "slug": "bulldozer_market", "category": 39}}, {"model": "store.subcategory", "pk": 453, "fields": {"title": "Excavator Market", "slug": "excavator_market", "category": 39}}, {"model": "store.subcategory", "pk": 454, "fields": {"title": "Crane Service", "slug": "crane_service", "category": 39}}, {"model": "store.subcategory", "pk": 455, "fields": {"title": "Hyundai Trucks", "slug": "hyundai_trucks", "category": 39}}, {"model": "store.subcategory", "pk": 456, "fields": {"title": "Volvo Trucks", "slug": "volvo_trucks", "category": 39}}, {"model": "store.subcategory", "pk": 457, "fields": {"title": "Man Trucks", "slug": "man_trucks", "category": 39}}, {"model": "store.subcategory", "pk": 458, "fields": {"title": "Mark Trucks", "slug": "mark_trucks", "category": 39}}, {"model": "store.subcategory", "pk": 459, "fields": {"title": "Daf Truck", "slug": "daf_truck", "category": 39}}, {"model": "store.subcategory", "pk": 460, "fields": {"title": "Mercedes Trucks", "slug": "mercedes_trucks", "category": 39}}, {"model": "store.subcategory", "pk": 461, "fields": {"title": "Mitsubishi Canter", "slug": "mitsubishi_canter", "category": 39}}, {"model": "store.subcategory", "pk": 462, "fields": {"title": "Hino Trucks", "slug": "hino_trucks", "category": 39}}, {"model": "store.subcategory", "pk": 463, "fields": {"title": "Howo Trucks", "slug": "howo_trucks", "category": 39}}, {"model": "store.subcategory", "pk": 464, "fields": {"title": "Tata Truck", "slug": "tata_truck", "category": 39}}, {"model": "store.subcategory", "pk": 465, "fields": {"title": "Iveco Trucks", "slug": "iveco_trucks", "category": 39}}, {"model": "store.subcategory", "pk": 466, "fields": {"title": "Scania Trucks", "slug": "scania_trucks", "category": 39}}, {"model": "store.subcategory", "pk": 467, "fields": {"title": "I Need A B2B/B2C Website", "slug": "i_need_a_b2b/b2c_website", "category": 40}}, {"model": "store.subcategory", "pk": 468, "fields": {"title": "I Need A Real Estate Website", "slug": "i_need_a_real_estate_website", "category": 40}}, {"model": "store.subcategory", "pk": 469, "fields": {"title": "I Need A Business Website", "slug": "i_need_a_business_website", "category": 40}}, {"model": "store.subcategory", "pk": 470, "fields": {"title": "I Need A Blog/Personal Website", "slug": "i_need_a_blog/personal_website", "category": 40}}, {"model": "store.subcategory", "pk": 471, "fields": {"title": "I Need An Automobile Website", "slug": "i_need_an_automobile_website", "category": 40}}, {"model": "store.subcategory", "pk": 472, "fields": {"title": "I Want To Learn More About Website", "slug": "i_want_to_learn_more_about_website", "category": 40}}, {"model": "store.subcategory", "pk": 473, "fields": {"title": "I Need A Business Logo", "slug": "i_need_a_business_logo", "category": 41}}, {"model": "store.subcategory", "pk": 474, "fields": {"title": "I Need A Poster", "slug": "i_need_a_poster", "category": 41}}, {"model": "store.subcategory", "pk": 475, "fields": {"title": "I Need A Flyer", "slug": "i_need_a_flyer", "category": 41}}, {"model": "store.subcategory", "pk": 476, "fields": {"title": "I Need An Event Poster", "slug": "i_need_an_event_poster", "category": 41}}, {"model": "store.subcategory", "pk": 477, "fields": {"title": "Graphic Design Here", "slug": "graphic_design_here", "category": 41}}, {"model": "store.subcategory", "pk": 478, "fields": {"title": "Buy Crypto", "slug": "buy_crypto", "category": 42}}, {"model": "store.subcategory", "pk": 479, "fields": {"title": "Sell Crypto", "slug": "sell_crypto", "category": 42}}, {"model": "store.subcategory", "pk": 480, "fields": {"title": "Buy Gifts Cards", "slug": "buy_gifts_cards", "category": 42}}, {"model": "store.subcategory", "pk": 481, "fields": {"title": "Sell Gift Cards", "slug": "sell_gift_cards", "category": 42}}, {"model": "store.subcategory", "pk": 482, "fields": {"title": "Learn Forex Trading Here", "slug": "learn_forex_trading_here", "category": 42}}, {"model": "store.subcategory", "pk": 483, "fields": {"title": "Facebook Page Promotion", "slug": "facebook_page_promotion", "category": 43}}, {"model": "store.subcategory", "pk": 484, "fields": {"title": "Facebook Video Promotion", "slug": "facebook_video_promotion", "category": 43}}, {"model": "store.subcategory", "pk": 485, "fields": {"title": "Business Promotion", "slug": "business_promotion", "category": 43}}, {"model": "store.subcategory", "pk": 486, "fields": {"title": "Product Promotion", "slug": "product_promotion", "category": 43}}, {"model": "store.subcategory", "pk": 487, "fields": {"title": "Sitting Room Furniture Stores", "slug": "sitting_room_furniture_stores", "category": 44}}, {"model": "store.subcategory", "pk": 488, "fields": {"title": "Bedroom Furniture Stores", "slug": "bedroom_furniture_stores", "category": 44}}, {"model": "store.subcategory", "pk": 489, "fields": {"title": "Dinning Chair & Table Stores", "slug": "dinning_chair__and__table_stores", "category": 44}}, {"model": "store.subcategory", "pk": 490, "fields": {"title": "Kitchen Furniture Stores", "slug": "kitchen_furniture_stores", "category": 44}}, {"model": "store.subcategory", "pk": 491, "fields": {"title": "Bathroom Furniture Stores", "slug": "bathroom_furniture_stores", "category": 44}}, {"model": "store.subcategory", "pk": 492, "fields": {"title": "Playstation & Gadgets Stores", "slug": "playstation__and__gadgets_stores", "category": 44}}, {"model": "store.subcategory", "pk": 493, "fields": {"title": "Television Stores", "slug": "television_stores", "category": 44}}, {"model": "store.subcategory", "pk": 494, "fields": {"title": "Washing Machine Stores", "slug": "washing_machine_stores", "category": 44}}, {"model": "store.subcategory", "pk": 495, "fields": {"title": "Microwave & Refrigerator Stores", "slug": "microwave__and__refrigerator_stores", "category": 44}}, {"model": "store.subcategory", "pk": 496, "fields": {"title": "I Want To Buy", "slug": "i_want_to_buy", "category": 45}}, {"model": "store.subcategory", "pk": 497, "fields": {"title": "I Want To Sell", "slug": "i_want_to_sell", "category": 45}}, {"model": "store.subcategory", "pk": 498, "fields": {"title": "I Want To Sell A Car", "slug": "i_want_to_sell_a_car", "category": 45}}, {"model": "store.subcategory", "pk": 499, "fields": {"title": "I Want To Buy A Car", "slug": "i_want_to_buy_a_car", "category": 45}}, {"model": "store.subcategory", "pk": 500, "fields": {"title": "I Want A Website Design", "slug": "i_want_a_website_design", "category": 45}}, {"model": "store.subcategory", "pk": 501, "fields": {"title": "I Want A Graphic Design", "slug": "i_want_a_graphic_design", "category": 45}}, {"model": "store.subcategory", "pk": 502, "fields": {"title": "I Am A Website Developer", "slug": "i_am_a_website_developer", "category": 45}}, {"model": "store.subcategory", "pk": 503, "fields": {"title": "I Am A Graphic Designer", "slug": "i_am_a_graphic_designer", "category": 45}}, {"model": "store.subcategory", "pk": 504, "fields": {"title": "I Am An Facebook/Online Marketer", "slug": "i_am_an_facebook_online_marketer", "category": 45}}]
